,video_id,comments
0,rGVYDtxCjWA,"['Sizler iÃ§in dÃ¼nya alemi geziyoruz. Takip edip bildirimleri aÃ§Ä±p bir de yorum yapmayÄ± unutmazsanÄ±z sevinirizğŸ˜…', 'Kaliteli ve samimi yayÄ±nÄ±nÄ±zdan dolayÄ± teÅŸekkÃ¼rler.', 'Ukraynaâ€™dan Moldavya selamlarğŸ––', ""Video Ã§ok uzundu, ama Alexander'in cana yakÄ±n anlatÄ±mÄ± ile vaktin nasÄ±l geÃ§tiÄŸini anlayamadÄ±m. Selam olsun gÃ¼zel yÃ¼rekli insanlarağŸ¥°"", 'â¤â¤â¤â¤', 'Amerikaâ€™da Moldovali arkadaslarimin evinde Kuymak yedigimi hic unutmam, Alexandruâ€™ya selamlar \U0001faf6', 'Moldovaâ€™ya selamlar ğŸ––', 'ğŸ˜€ HatÄ±ralarÄ±mÄ±z canlandÄ±, sayenizde ğŸ‘‹', 'Gezmek tek baÅŸÄ±na saÄŸlÄ±k sebebidir heralde', 'Ã‡ok gÃ¼zel olmuÅŸ emeÄŸinize saÄŸlÄ±k']"
1,0k1nQ_dYwB4,"[""EskiÅŸehir Ä°zmir Sakarya ve Bursa'da Dobruca diye yerler vsr sanki. Oradan ismi gelmiÅŸ olmalÄ±..."", 'Her programda yeni ÅŸeyler Ã¶ÄŸreniyoruz. TeÅŸekkÃ¼rler.', 'Yine guzel dolu bir tarih gezisi olmusâ€¦', ""Romanya'nÄ±n neredeyse her tarafÄ± tarih. BugÃ¼n de buna ÅŸahitlik ettik.\nTeÅŸekkÃ¼rler . . ."", 'ğŸ’ğŸ˜', 'Ã‡ok gÃ¼zel teÅŸekkÃ¼rler ğŸ˜Š', 'Dip bilgi: Dobrucaâ€™yÄ± fetheden Trajan, aynÄ± zamanda AshabÄ± Kehfâ€™in kendisinden kaÃ§Ä±p maÄŸaraya sÄ±ÄŸÄ±ndÄ±ÄŸÄ± imparator.']"
2,Zo9o0jDB5Wo,"['ğŸ‘ğŸ‘ğŸ‘', 'Ä°lginÃ§ bir konu. Yeni videolarÄ±nÄ±zÄ± bekliyoruz. TeÅŸekkÃ¼rler.', 'Emeginize saÄŸlÄ±k yine gÃ¼zel ve ilgi Ã§eken bir video olmuÅŸ, sayenizde bilmediÄŸimiz  yerleri gÃ¶rÃ¼yoruz.teÅŸekkÃ¼rler, devamÄ±nÄ± bekliyoruz,mult succes', 'ğŸ˜®', ""Kaynana mezarÄ± hikayesini kÄ±sa video koysanÄ±z... Ã–mer'inkini ayrÄ±ca"", 'Enteresan bir  hikaye ama gerÃ§ek sÃ¼per olmuÅŸ ğŸ‘ğŸ¼', 'Deodor gÃ¼zel bir rastlantÄ±']"
3,A0LuFTmcRlE,"['Ã‡ok gÃ¼zel bir yolculuk ve program olmuÅŸ. Benzininiz hiÃ§ bitmesin. TeÅŸekkÃ¼rler.', 'Bu yolu hiÃ§ kullanmadÄ±m.GÃ¼zel yerler.', 'DaÄŸÄ±n baÅŸÄ±nda tertemiz havada bile hamur iÅŸiğŸ˜‚ğŸ˜‚', 'â¤â¤â¤â¤', 'Gayretleriniz iÃ§in teÅŸekkÃ¼rler.', 'Ä°yi insanlarÄ±n olmasÄ± ne gÃ¼zel, zor zamanlarda Ã¶zellikle ğŸš—', 'Pazar gÃ¼nlerinin vazgeÃ§ilmezi oldunuz..\nYine yeni yerler yeni ufuklarla buluÅŸturdunuz bizi....\nÄ°yi yayÄ±nlar dilerim . . .', 'Gayet gÃ¼zel olmuÅŸ â€¦Sesiniz gÃ¼zel geliyor', 'KarpatlarÄ±n en gÃ¼zel yerlerinden', 'Her yolculukta bir macera vardÄ±r zaten olmazsa olmaz ğŸ˜‚']"
4,tur7F0frUyE,"['Ã‡ok etkileyici bir hikaye, tÃ¼ylerim diken diken...', 'ğŸ‘ğŸ‘ğŸ‘', 'MÃ¼kemmel', 'Kale nerede keÅŸke onu da gÃ¶sterseydiniz. MÃ¼zikler Ã§ok gÃ¼zel, ilginÃ§ bir hikaye.', 'Ã‡ok ilginÃ§ bir hikaye.', '#gerilim', 'ğŸ‘ğŸ‘ğŸ‘ğŸŒğŸŒğŸŒ']"
5,vV-ti3oqJ2U,"['Tarih kokan ve doÄŸal gÃ¼zellikleri olan yerler gÃ¶rdÃ¼k, unutulmazdÄ± ğŸ˜‚', ""04:50 Enderun o zamanlarÄ±n Harvard'Ä± ayarÄ±nda idi, bu yÃ¼zden Enderun'a gidebilmek herkes iÃ§in bÃ¼yÃ¼k ayrÄ±calÄ±ktÄ±."", ""Harita Ã¼zerinde Suceava'nÄ±n konumunu gÃ¶sterseydiniz iyi olurdu. Romanya'nÄ±n neresinde? BaÅŸkente yakÄ±n mÄ±? vs..."", 'Sizleri ilgiyle takip ediyoruz. TeÅŸekkÃ¼rler.', 'AkÄ±cÄ± sunum , gÃ¼zel gÃ¶rÃ¼ntÃ¼,kÄ±sa ve Ã¶z tarÄ±h bilgisi ile hazÄ±rlanan gÃ¼zel bir  zaman yolcuÄŸu olmuÅŸ,,,emeÄŸinize  Saglik  mult succes  ,spor la treaba !', 'Tarih kokan bir ÅŸehir. Ä°nsanlarÄ± Ã§ok cana yakÄ±n', 'Videoyu beÄŸendiyseniz takip edip bildirimleri aÃ§mayÄ± unutmayÄ±nğŸ™']"
6,Yl1Ai6duKmc,"['HaksÄ±zlÄ±k karÅŸÄ±sÄ±nda durmanÄ±n, cesur olmanÄ±n bedeli eskiden belli ne kadar aÄŸÄ±r.', 'Ä°skoÃ§ya, gitmek istediÄŸim yerlerden biri, inÅŸallah en yakÄ±n zamanda. Film seti gibi sokaklarÄ±nda adÄ±m adÄ±m gezmek istiyorum.', ""Kahrolsun Ä°ngiltere,Ã‡in halk cumhuriyeti, ricip dayyip erguvan,\nYaÅŸasÄ±n Armando Diego Maradona,Kempes aspiuli kuelita(bÃ¶yle diyorlardÄ± sanki ğŸ˜‰ğŸ˜ƒ)\nYaÅŸasÄ±n William Wallace , zubizeretta, goncegao \nYaÅŸasÄ±n yaÅŸasÄ±n Ã¶nlerinde dÃ¼nya nimetlerini dibine kadar tatma ÅŸansÄ± olduÄŸu halde koskoca bir halkÄ±n ihanetiyle, aileleriyle birlikte zulÃ¼m gÃ¶ren ve inÅŸallah 1 milim sapmayan, - Ã¶yle inanÄ±yorum - Allah'Ä±n SadÄ±k KullarÄ±; 17/25  kahramanlarÄ±. \nKoca bir millet kendi evlatlarÄ±na ihanet etti. William Wallace gÃ¶rseydi benim uÄŸradÄ±ÄŸÄ±mda ihanet mi derdi..."", 'TeÅŸekkÃ¼rler!  bizi ibretlik yerler ve hadiselerle tefekkÃ¼re sevk ediyorsunuz..', 'Selam olsun Cesur yureklere\nâœŒï¸âœŒï¸âœŒï¸', 'TeÅŸekkÃ¼rler... Sizleri ilgiyle takip ediyoruz.', ""V For Vandetta ' yÄ± da Ekim ayÄ±nda gÃ¶sterirseniz Ã§ok gÃ¼zel olur.ğŸ‘"", 'Ä°hanete uÄŸruyor ihanetle yargÄ±lanÄ±yor', 'Gayretinize hayranÄ±m .', ""ALLAH ' a emanet olun .""]"
7,8tpDD4k6n7k,"[""Hollanda'dan selamlar. Harika bir kesit olmuÅŸ. EmeÄŸinize saÄŸlÄ±k"", 'VideolarÄ±nÄ±zÄ± bÃ¼yÃ¼k bir ilgi ve merakla izliyoruz. Her programda yeni ilginÃ§ ÅŸeyler Ã¶ÄŸreniyoruz. TeÅŸekkÃ¼rler.', 'Eserleri zenginler yapsada isimleri fakirler koyuyor demek ki', 'KraliÃ§enin adÄ±nÄ± silen boksÃ¶r']"
8,RUZl6fTlQMA,"['Londraâ€™yÄ± dolu dolu ve keyifle gezmek isterseniz tarihÃ§i rehber Efeâ€™yle gezebilirsiniz. Ä°ÅŸini tutkuyla yapan harika bir rehber, aÅŸaÄŸÄ±daki linklerden ulaÅŸabilirsinizâ€¦ \n\n>> https://instagram.com/efeilegeziyorum?igshid=NTc4MTIwNjQ2YQ==\n\n>> https://www.facebook.com/profile.php?id=100081626298205', 'Cok gÃ¼zel Ã§ok emek verilmiÅŸ bir program olmuÅŸ.', 'Keyifle ve bÃ¼yÃ¼k bir ilgiyle programÄ± izledim. Gayretleriniz iÃ§in teÅŸekkÃ¼rler.', 'Gezmis gibi olduk.tesekkurler', 'Video Ã§ok gÃ¼zel olmuÅŸ.', 'â¤â¤', 'Ã‡ok gÃ¼zel Ã§ok ayrtÄ±nlÄ± bir gezi olmuÅŸ ğŸ¤©', 'â¤â¤â¤â¤â¤â¤â¤', 'Dolu dolu bilgi dolu bir bÃ¶lÃ¼m. Ä°stanbul deÄŸerlendirmesine aynen katÄ±lÄ±yorum.', 'AnÄ±tlar, Saraylar, KÃ¶prÃ¼ler ve Meydanlar Åehri Londra.\nAdeta bir AÃ§Ä±k Hava MÃ¼zesi . . .\nBizi oralara gÃ¶tÃ¼rdÃ¼ÄŸÃ¼nÃ¼z iÃ§in teÅŸekkÃ¼r ederiz . . .\nÄ°yi yayÄ±nlar dilerim . . .']"
9,YLqwKdXVs_M,"['MuhteÅŸem, disiplin ve gelenekâ€¦ğŸ™â¤ï¸', 'besle kargayÄ± oysin gÃ¶dÃ¼nÃ¼', 'super bir yayin olmus. Tebrikler', 'Sizleri bÃ¼yÃ¼k bir keyifle takip ediyoruz. TeÅŸekkÃ¼rler.', 'KorkularÄ±nÄ± yenemeyenlerin yaÅŸamlarÄ± boyunca putlarÄ± olur.', 'Harika gerÃ§ekten ğŸ˜‚. Ingiltereâ€™yi anlamak isteyen bu karga hikayesine kulak versin.', 'Bizim Ã¼lkede insalarÄ±n bu kargalar kadar deÄŸeri yok', ""Jubilee, Harris, Gripp, Rocky, Erin, Poppy ve  Merlina'ya Ã§ok selam sÃ¶yle. Kendilerine iyi baksinlar!"", 'Tebrikler', 'YargÄ±lanan Karga George ğŸ˜‚ğŸ˜‚']"
10,KxG26sQz72s,"['Bilgileriniz iÃ§in teÅŸekkÃ¼r ederiz. Londra geziniz bu kadar mÄ± ?', 'Tebrikler', ""Ã‡anakkale'nin izlerine Londra'da rastlamak ilginÃ§ ve farklÄ±ydÄ±...\nNeredeyse Gelibolu'daki kadar anÄ±t varmÄ±ÅŸ...\nTeÅŸekkÃ¼rler, iyi yayÄ±nlar..."", 'GÃ¼zel bir program izledik. TeÅŸekkÃ¼rler.', 'MÃ¼kemmel', 'Ã‡ok ilginÃ§ bilgiler,\nAkÄ±cÄ± bir anlatÄ±m,\nGÃ¼zel Ã§ekimler ile\nKeyifli bir video izledim.\nTebrikler Ahmet Bey.', 'Ã‡ok keyifli bir programdÄ±.', 'Londraâ€™nÄ±n belediye baÅŸkanÄ± Pakistanâ€™lÄ±, Ä°ngiltereâ€™nin baÅŸbakanÄ± Hindu, baÅŸkentin yarÄ±sÄ± yabancÄ±lardan oluÅŸuyor. Ä°ngilizler, hem sÃ¶mÃ¼rÃ¼yor hem sevdiriyor kendilerini. Bu iÅŸi Ã§ok iyi yapÄ±yorlar.', 'YorumlarÄ±nÄ±zÄ± bekliyorum ğŸ˜Š']"
11,m46--SWiU0Y,"['24-25â€”AralÄ±k 1978 de MaraÅŸ ta ( o dÃ¶nem adÄ± idi ) , katledilen Alevi vatandaÅŸlarÄ±mÄ±z \niÃ§in de yÄ±Ä±larÄ±dr anÄ±t yapÄ±lmasÄ± gerektiÄŸini dÃ¼ÅŸÃ¼nÃ¼yorum.', 'Ä°bret alÄ±nacak bir hikayeyi Ã§ok gÃ¼zel bir ÅŸekilde iÅŸlemiÅŸsiniz. Gayretleriniz iÃ§in teÅŸekkÃ¼rler.', 'Benim torunuma yapÄ±lacak iadei itibarÄ±n ta a....', ""Kahraman bilinenlerin hain, hain bilinenlerin de kahraman ilan edildiÄŸi yaÅŸanmÄ±ÅŸ ibretlik bir hikayeyi bizlerle bizzat yerinden paylaÅŸtÄ±ÄŸÄ±nÄ±z iÃ§in teÅŸekkÃ¼rler...\nDÃ¼nya dÃ¼n buna ÅŸahitlik etti.\nÃ–yle sanÄ±yorum ki bugÃ¼n ve yarÄ±n da ÅŸahitlik edecek.\nAma belirttiÄŸiniz gibi doÄŸru duruÅŸ Ã§ok Ã¶nemli.\nDÃ¼nyalem'de yeniden buluÅŸmak dileÄŸiyle...\nÄ°yi yayÄ±nlar, iyi Ã§alÄ±ÅŸmalar, baÅŸarÄ±lar dilerim . . ."", 'ğŸ‘ğŸ‘ğŸ‘', 'Churchillâ€™in yaptÄ±ÄŸÄ±yla Hulusiâ€™nin yaptÄ±ÄŸÄ± arasÄ±nda zerre fark olmadÄ±ÄŸÄ±nÄ± anladÄ±m.', 'Tarih tekerrÃ¼rlerden ibaret.', 'TanÄ±dÄ±k bir hikaye']"
12,u_rynppRnM8,"['TeÅŸekkÃ¼rler.', 'Londra iÃ§in ""AnÄ±tlar Åehri"" demiÅŸti bir dost. GerÃ§ekten Ã¶yle galiba. Bizleri oralara gÃ¶tÃ¼rdÃ¼ÄŸÃ¼nÃ¼z iÃ§in teÅŸekkÃ¼rler. BaÅŸarÄ±lÄ± iyi yayÄ±nlar dilerim.', 'Harikaâ€¦', 'Hayvan deyip geÃ§memek gerekiyor demekki \nBaÅŸarÄ±lar diliyorum', 'HayvanlarÄ± seviyoruzâ¤']"
13,0bk--n32tcI,"['Sizi bÃ¼yÃ¼k bir ilgiye takip ediyoruz. TeÅŸekkÃ¼rler.', 'Kalbi orda mÄ±ymÄ±ÅŸ yavğŸ˜‚ğŸ˜‚\nBÃ¶yle kÄ±sa kÄ±sa gÃ¼zel oluyor', 'Emeginize saglik hocam.', 'Hocam aÄŸzÄ±na saÄŸlÄ±k gÃ¼zel olmuÅŸ derslerde kullanmaya devam', 'Amiral Nelson kraliyet ailesinden olmamasÄ±na raÄŸmen Ã§oÄŸu kraldan daha Ã¶nemli Ä°ngilizler iÃ§in', 'Londra serimiz devam edecek. Ä°zledikten sonra yorum yapÄ±p takip etmeyi unutmayÄ±nÄ±z lÃ¼tfen ğŸ‰']"
14,Is66wnBkINA,"['ğŸ‘', 'Ã–zgÃ¼rlÃ¼k iÃ§in bedel Ã¶demek gerektiÄŸini anladÄ±m', 'Kaliteli programlar hazÄ±rlÄ±yorsunuz. Hem yeni mekanlar hem de bu mekanlarÄ±n Ã¶nemini Ã¶ÄŸreniyoruz. TeÅŸekkÃ¼rler.', 'Ã–zgÃ¼rlÃ¼kler bedel Ã¶demeden kazanÄ±lmÄ±yor. Her topluma da nasip olmuyor bÃ¶yle kazanÄ±mlar.', 'KonuÅŸan dÃ¼nya, her ÅŸehre lazÄ±m. Yani', 'ÅapkamÄ± taÅŸ Ã¼stÃ¼nde unutmuÅŸtum, hatÄ±rlarsÄ±nÄ±z, drone suya dÃ¼ÅŸmÃ¼ÅŸtÃ¼.ğŸ˜‚ğŸ˜‚', 'Hocam Bayern Ã§ekimleri ne zaman yayÄ±nlanacak?']"
15,OE7WzOdKdZI,"['Bulgarca adÄ± Åumen, TÃ¼rkÃ§e adÄ± Åumnu.', ""TÃ¼rklÃ¼ÄŸÃ¼n gÃ¶beÄŸi'dir oralar kardeÅŸim,genÃ§liÄŸimizi oralarda bÄ±raktÄ±k bizler.!!!"", ""ErdoÄŸan bey soydaÅŸÄ±mÄ±z, Ã¼zÃ¼lmeyin biz de sizin gibi aynÄ± durumdayÄ±z, Irak, Suriye, LÃ¼bnan, MÄ±sÄ±r gibi Ã¼lkelere yerleÅŸmiÅŸ Anadolu kÃ¶kenli aileler de Ay-yÄ±ldÄ±zlÄ± bir kimliÄŸi evinde saklamak ister, lakin TÃ¼rkiye'de bu duygularÄ± anlayabilecek kiÅŸiler az, sanÄ±rÄ±m.. olsun TÃ¼rklÃ¼ÄŸÃ¼mÃ¼z belge/kimlik ile deÄŸil, Allah'Ä±n dilemesiyle TÃ¼rk atalardan gelen kanÄ±mÄ±zdadÄ±r.. yine de TÃ¼rkiye'yi doÄŸal olarak iÃ§imize Allah'Ä±n yerleÅŸtirdiÄŸi fÄ±tri bir duyguyla seviyoruz.. yiÄŸit fatihlerin torunlarÄ±na selam olsun"", ""En acÄ± olan, TÃ¼rkiye gelen Bulgaristandaki TÃ¼rklerden  TÃ¼rkiye'de yaÅŸadÄ±klarÄ± iÃ§in yÄ±llarca oturum parasÄ± almalarÄ±.TÃ¼rkoÄŸlu tÃ¼rksÃ¼n ama kendi Ã¼lkende bile kabul gÃ¶rmemek.DediÄŸi gibi beyefendinin Suriyeliler kadar deÄŸerleri olmadÄ±."", ""Vay be... Bu adam Madagascar'a gidip onlarÄ± da TÃ¼rk diye ilan edecek."", 'devammm...', 'Ğ”Ğ° Ñ‚Ğ²ÑŠÑ€Ğ´Ğ¸Ñˆ,Ñ‡Ğµ Ğ±ÑŠĞ»Ğ³Ğ°Ñ€Ğ¸Ñ‚Ğµ ÑĞ° Ñ‚ÑÑ€ĞºĞ¸,Ğ²ÑĞµ ĞµĞ´Ğ½Ğ¾, Ğ´Ğ° ĞºĞ°Ğ·Ğ²Ğ°Ñˆ ,Ñ‡Ğµ Ñ‚ÑƒÑ€Ñ†Ğ¸Ñ‚Ğµ ÑĞ° Ğ¿Ñ€Ğ¸ÑÑ‚Ğ¸Ğ³Ğ½Ğ°Ğ»Ğ¸ Ğ¾Ñ‚ ĞœĞ°Ñ€Ñ.ĞĞµĞ²ĞµĞ¶ĞµÑÑ‚Ğ²Ğ¾Ñ‚Ğ¾ Ğ¿Ğ¾Ñ€Ğ°Ğ¶Ğ´Ğ° ĞºĞ¾Ğ¼Ğ¸Ñ‡Ğ½Ğ¸ Ñ‚ĞµĞ¾Ñ€Ğ¸Ğ¸.', 'EmeÄŸinize saÄŸlÄ±k Ã§ok gÃ¼zel bir video olmuÅŸ ve bilgilendirme de tam Ã¶z ve net olmuÅŸ ,teÅŸekkÃ¼rler', 'ğŸ‡§ğŸ‡¬â¤ï¸ğŸ‡§ğŸ‡¬\n""ĞšĞ¾Ğ³Ğ°Ñ‚Ğ¾ Ğµ Ğ¸Ğ·Ğ³Ñ€Ğ°Ğ´ĞµĞ½ ĞœĞ°Ğ´Ğ°Ñ€ÑĞºĞ¸Ñ ĞºĞ¾Ğ½Ğ½Ğ¸Ğº Ğ¾Ñ‚ Ğ±ÑŠĞ»Ğ³Ğ°Ñ€ÑĞºĞ¸Ñ Ğ²Ğ»Ğ°Ğ´ĞµÑ‚ĞµĞ» Ğ½Ğ° ĞœĞ°Ğ´Ğ°Ñ€Ğ°, Ğ½Ğµ Ğµ Ğ¸Ğ¼Ğ°Ğ»Ğ¾ Ğ² ÑĞ²ĞµÑ‚Ğ° Ğ½Ğ¸Ñ‚Ğ¾ Ñ‚ÑƒÑ€Ñ†Ğ¸, Ğ½Ğ¸Ñ‚Ğ¾ Ğ¢ÑƒÑ€Ñ†Ğ¸Ñ. Ğ’ĞµĞ»Ğ¸ĞºĞ¸ÑÑ‚ ĞĞ²Ğ¸Ñ‚Ğ¾Ñ…Ğ¾Ğ» Ğ¾Ñ‚ Ñ€Ğ¾Ğ´Ğ° Ğ”ÑƒĞ»Ğ¾ Ğµ Ğ·Ğ°ĞºĞ¾Ğ´Ğ¸Ñ€Ğ°Ğ» Ğ² ÑĞºĞ°Ğ»Ğ½Ğ¸Ñ Ğ¼Ğ¾Ğ½ÑƒĞ¼ĞµĞ½Ñ‚ ĞœĞ°Ğ´Ğ°Ñ€ÑĞºĞ¸Ñ ĞºĞ¾Ğ½Ğ½Ğ¸Ğº Ğ²ĞµĞ»Ğ¸ĞºĞ¾Ñ‚Ğ¾ Ğ—Ğ½Ğ°Ğ½Ğ¸Ğµ Ğ½Ğ° Ğ±ÑŠĞ»Ğ³Ğ°Ñ€Ğ¸Ñ‚Ğµ Ğ·Ğ° Ğ’ÑĞµĞ»ĞµĞ½Ğ°Ñ‚Ğ° Ğ¸ ĞŸÑ€Ğ¸Ñ€Ğ¾Ğ´Ğ°Ñ‚Ğ°. Ğ˜ Ğ³Ğ¾ ÑÑ‚Ğ¾Ğ²Ğ°Ñ€Ğ²Ğ° Ğ²ÑŠÑ€Ñ…Ñƒ Ğ²ÑĞµĞºĞ¸, ĞºĞ¾Ğ¹Ñ‚Ğ¾ Ğ½Ğµ ÑĞµ ÑÑŠĞ¾Ğ±Ñ€Ğ°Ğ·ÑĞ²Ğ° Ñ Ğ±ÑŠĞ»Ğ³Ğ°Ñ€Ğ¸Ñ‚Ğµ. Ğ¢Ğ°ĞºĞ° Ğ¸Ğ·Ñ‡ĞµĞ·Ğ²Ğ°Ñ‚ Ğ²ĞµĞ»Ğ¸ĞºĞ¸ Ğ¸Ğ¼Ğ¿ĞµÑ€Ğ¸Ğ¸, Ğ° Ğ‘ĞªĞ›Ğ“ĞĞ Ğ˜Ğ¯ Ğ• Ğ’Ğ Ğ’Ğ•ĞšĞ˜ Ğ’Ğ•ĞšĞĞ’!\nĞ˜ Ğ´Ğ° ÑĞµ Ğ·Ğ½Ğ°Ğµ Ğ¸ Ğ¿Ğ¾Ğ¼Ğ½Ğ¸: Ğ‘ÑŠĞ»Ğ³Ğ°Ñ€ÑĞºĞ¸ÑÑ‚ ĞšĞ°Ğ½ ĞšÑƒĞ±Ñ€Ğ°Ñ‚ Ğ¸Ğ·Ñ€Ğ°ÑĞ½Ğ°Ğ» Ğ² ĞšĞ¾Ğ½ÑÑ‚Ğ°Ğ½Ñ‚Ğ¸Ğ½Ğ¾Ğ¿Ğ¾Ğ», Ğ¸Ğ·ÑƒÑ‡Ğ¸Ğ» ÑĞµ Ñ‚Ğ°Ğ¼, Ğ¾Ğ±Ñ€Ğ°Ğ·Ğ¾Ğ²Ğ°Ğ» ÑĞµ Ğ¸ Ğ¿Ñ€Ğ¸ĞµĞ» Ñ…Ñ€Ğ¸ÑÑ‚Ğ¸ÑĞ½ÑÑ‚Ğ²Ğ¾Ñ‚Ğ¾ Ğ¿Ñ€ĞµĞ· 619 Ğ³Ğ¾Ğ´Ğ¸Ğ½Ğ° - Ğ¿Ñ€ĞµĞ· ÑÑŠÑ‰Ğ°Ñ‚Ğ° Ğ³Ğ¾Ğ´Ğ¸Ğ½Ğ°, ĞºĞ¾Ğ³Ğ°Ñ‚Ğ¾ ĞœĞ¾Ñ…Ğ°Ğ¼ĞµĞ´ Ğ·Ğ°Ğ¿Ğ¾Ñ‡Ğ½Ğ°Ğ» Ğ´Ğ° Ğ¿Ñ€Ğ¾Ğ¿Ğ¾Ğ²ÑĞ´Ğ²Ğ° Ğ² ĞœĞµĞºĞ° Ğ¸ÑĞ»ÑĞ¼Ğ°, Ğ° Ğ·Ğ°ÑÑ‚Ğ°Ğ½Ğ°Ğ» Ğ½Ğ°Ñ‡ĞµĞ»Ğ¾ Ğ½Ğ° Ğ’ĞµĞ»Ğ¸ĞºĞ° Ğ‘ÑŠĞ»Ğ³Ğ°Ñ€Ğ¸Ñ Ğ¿Ñ€ĞµĞ· 632 Ğ³Ğ¾Ğ´Ğ¸Ğ½Ğ°, ĞºĞ¾Ğ³Ğ°Ñ‚Ğ¾ ÑƒĞ¼Ğ¸Ñ€Ğ° ĞœĞ¾Ñ…Ğ°Ğ¼ĞµĞ´.\nĞ˜Ğ¼Ğ° Ğ¿Ğ»Ğ¾Ñ‡Ğ° Ğ¾Ñ‚ 1-Ğ²Ğ¸ Ğ²ĞµĞº ÑĞ»ĞµĞ´ ĞĞ¾Ğ²Ğ°Ñ‚Ğ° ĞµÑ€Ğ°, Ğ½Ğ° ĞºĞ¾ÑÑ‚Ğ¾ Ğ¿Ğ¸ÑˆĞµ: \n\n""Ğ Ğ˜Ğœ Ğ‘Ğ›ĞĞ“ĞĞ”ĞĞ Ğ˜ ĞĞ Ğ‘ĞªĞ›Ğ“ĞĞ Ğ˜Ğ¢Ğ• Ğ˜ Ğ“Ğ˜ ĞĞ¡Ğ’ĞĞ‘ĞĞ–Ğ”ĞĞ’Ğ ĞĞ¢ Ğ”ĞĞĞªĞ¦Ğ˜ ĞšĞĞ“ĞĞ¢Ğ Ğ¢ĞªĞ Ğ“Ğ£Ğ’ĞĞ¢ Ğ¡ Ğ Ğ˜ĞœĞ¡ĞšĞĞ¢Ğ Ğ˜ĞœĞŸĞ•Ğ Ğ˜Ğ¯""\n\nĞŸÑŠÑ€Ğ²Ğ¸ Ğ²ĞµĞº Ğ½ÑĞ¼Ğ° Ğ³Ñ€Ğ°Ğ¼ Ñ‚ÑƒÑ€Ñ‡Ğ¸Ğ½, Ğ½Ğ¸Ñ‚Ğ¾ Ğ´Ğ¾Ñ€Ğ¸ Ğ² Ğ·Ğ°Ñ€Ğ¾Ğ´Ğ¸Ñˆ.\n\nĞ˜Ğ¼Ğ° Ğ¿Ñ€Ğ¸Ğ·Ğ½Ğ°Ñ‚Ğ¾ Ğ¾Ñ‚ĞºÑ€Ğ¸Ñ‚Ğ¸Ğµ Ğ¾Ñ‚ 2016 Ğ³Ğ¾Ğ´Ğ¸Ğ½Ğ° Ğ½Ğ° Ğ±ÑŠĞ»Ğ³Ğ°Ñ€ÑĞºĞ¸ Ğ¸ Ğ¸Ñ‚Ğ°Ğ»Ğ¸Ğ°Ğ½ÑĞºĞ¸ ÑƒÑ‡ĞµĞ½Ğ¸, Ñ‡Ğµ Ğ±ÑŠĞ»Ğ³Ğ°Ñ€Ğ¸Ñ‚Ğµ ÑĞ¼Ğµ Ğ½Ğ° Ğ‘Ğ°Ğ»ĞºĞ°Ğ½Ğ¸Ñ‚Ğµ Ğ¿Ğ¾Ğ²ĞµÑ‡Ğµ Ğ¾Ñ‚ 10 000 Ğ³Ğ¾Ğ´Ğ¸Ğ½Ğ¸!!!\n\nĞŸĞ¾Ğ¼Ğ½ĞµÑ‚Ğµ,Ñ€Ğ°Ğ·Ğ¿Ñ€Ğ¾ÑÑ‚Ğ°Ğ½ÑĞ²Ğ°Ğ¹Ñ‚Ğµ Ğ¸ ÑĞµ Ğ³Ğ¾Ñ€Ğ´ĞµĞ¹Ñ‚Ğµ Ñ‡Ğµ ÑĞ¼Ğµ \nĞ‘ĞªĞ›Ğ“ĞĞ Ğ˜..!', 'Guzel sehrim benim shumen']"
16,_Z6gqSAil8Y,"['ArtÄ±k kimlikle giremezsiniz ! Pasaport lazÄ±m.', ""Merhaba. Ben Odessa' ya Istanbul' dan nasÄ±l gidebilirim? OtobÃ¼s ile mÃ¼mkÃ¼n mÃ¼ ?"", 'Ä°nsanlarÄ± yanlÄ±ÅŸ yÃ¶nlendirip vebal altÄ±na girmeyin. ben odesada yaÅŸÄ±yorum. her gÃ¼n bombalanÄ±yor.  Ã¼stÃ¼nÃ¼ze roket dÃ¼ÅŸmesi ihtimali yÃ¼ksek . mecbur kalmadÄ±kÃ§a sakÄ±n gelmeyin. ğŸ˜¢', 'kari ayarliyacam diye gidenleredir lafim.. dikkat edin nallari dikmeyin', 'moldovadanmi gectin hocam', 'Hocam Ukrayna gelin diyorsunuz gelmeye Ã§alÄ±ÅŸÄ±yoruz ama gelemiyorum bir tÃ¼rlÃ¼ Ã§Ã¼nkÃ¼ Ukrayna hava sahasÄ± kapalÄ± ancak moldovadan gelebiliriz ancak moldovaya 2 kere gittim Ukrayna Ã§alÄ±ÅŸma vizem olmasÄ±na raÄŸmen alÄ±nmadÄ±m ÅŸimdi Bulgar transite gelmeye Ã§alÄ±ÅŸÄ±yorum', 'DÃ¼nyadaki en onurlu ve kaliteli halklardan birisi Ukrayna halkÄ±']"
17,eKGyxVEWJXc,"['ğŸ‘ğŸ»ğŸ‘ğŸ»ğŸ‘ğŸ»', 'Bir matematikciden gezi programÄ± sunucusÄ±da oluyormuÅŸ:)', 'MÃ¼kemmel kisa oz', 'YaklaÅŸÄ±k 12 dakikada Amsterdam ÅŸehriyle alakalÄ± kompakt ve bilgi dolu bir video olmuÅŸ.Orjinal ve eÄŸlenceli.TebriklerğŸ‘', 'TeÅŸekÃ¼rler', 'Oz ve kisa, tebrikler.', 'Yine harika bir video.emegine saglik Ahmet abi.Bildigin patates.ğŸ˜‚']"
18,1dVv8kchh70,"['""AcÄ± yiyelim tatlÄ± konuÅŸalÄ±m"" daha mantÄ±klÄ±... Bence tutar', 'Canli muzuk ğŸ˜‚. El yikama yeri de guzel ğŸ˜‚']"
19,M6SRMdXf-mU,"['BaÅŸarÄ±lÄ± ve ilginÃ§ bir yayÄ±n izledik. TeÅŸekkÃ¼rler.', 'Ä°lginÃ§ yerler', 'Gayretinize hayranÄ±m SayÄ±n DÃ¼nyAlem kanalÄ±  .', 'Ellerinize saÄŸlÄ±k hepinizin SayÄ±n DÃ¼nyAlem kanalÄ±  .', ""ALLAH ' a emanet olun SayÄ±n DÃ¼nyAlem kanalÄ±  ."", 'EmeÄŸinize saÄŸlÄ±k hepinizin SayÄ±n DÃ¼nyAlem kanalÄ±  .', 'ALLAH razÄ± olsun sizlerden SayÄ±n DÃ¼nyAlem kanalÄ±  .', 'ğŸ‘ğŸ‘ğŸ‘.', 'Bizi dÃ¼nyanÄ±n ilginÃ§ yerlerinde gezdiriyorsunuz tebrikler DÃ¼nyalem!', '1 dakikada toparlanÄ±p 1 dakikada tekrar kurulan dÃ¼nyanÄ±n en hÄ±zlÄ± pazarÄ± da denilebilir']"
20,9v89KqBWCqY,"['Merhaba Ahmet bey sizi tanÄ±yalÄ± kÄ±sa bir sÃ¼re olmasÄ±na raÄŸmen videolarÄ±nÄ±zÄ± ve samimiyetinizi Ã§ok beÄŸendim Ã§evreme sizin reklamÄ±nÄ±zÄ± Ã§ok yapÄ±yorum baÅŸarÄ±larÄ±nÄ±zÄ±n devamÄ±nÄ± dilerim.bu arada Hindistan tanÄ±tÄ±mÄ± yapmanÄ±zÄ± ben ve benim gibi Ã§ok insan dÃ¶rt gÃ¶zle bekliyordur teÅŸekkÃ¼rler', 'Helal olsun Ã§ok baÅŸarÄ±lÄ±', 'Cok baÅŸarÄ±lÄ±', 'Tebrikler..', 'Bomba bir bÃ¶lÃ¼m ğŸ˜Š', 'Hocam gÃ¼ldÃ¼rdÃ¼n beni.']"
21,FgvPAMia09c,"['Gayretinize hayranÄ±m SayÄ±n DÃ¼nyAlem kanalÄ±  .', ""ALLAH 'a emanet olun SayÄ±n DÃ¼nyAlem kanalÄ±  ."", 'EmeÄŸinize saÄŸlÄ±k hepinizin SayÄ±n DÃ¼nyAlem kanalÄ±  .', 'ALLAH razÄ± olsun sizlerden SayÄ±n DÃ¼nyAlem kanalÄ±  .', 'TÄ±pkÄ±sÄ±nÄ±n aynÄ±sÄ±ğŸ˜…ğŸ˜®']"
22,dNqOMhA-Cxg,"['Insanoglu ders almaz nefsi gÃ¼Ã§ istegi her seyi yaptÄ±rÄ±r.sonrada sinek gibi Ã¶lÃ¼r gÃ¼nÃ¼mÃ¼zdeki diktatÃ¶rkerinde umarÄ±m hÄ±zla sonu bu olut', 'Neyin algÄ±sÄ±nÄ± yapÄ±yorsunuz', 'Kendi sonlarÄ±nÄ± hak etmiÅŸler karÄ±-koca. Ne vardÄ± bencilliÄŸin, gÃ¶rgÃ¼sÃ¼zlÃ¼ÄŸÃ¼n? Ä°yi olmuÅŸ bunca insanÄ±n vebalini almÄ±ÅŸ.', 'Ã‡ok gÃ¼zeldi...', 'Emeklerinize saÄŸlÄ±k bu tÃ¼r zalimlere Ã¶rnek olacak videolarÄ±n yayÄ±nlarÄ±n Ã§oÄŸalmasÄ± dileÄŸiyle.', 'DiktatÃ¶rlÃ¼k Ã¶rneÄŸinden sadece biridir Ã‡avuÅŸesku', 'Ã‡ok tanÄ±dÄ±k geldi sankiğŸ¤”', 'TÄ±pa tÄ±p tÃ¼rkiye herÅŸeyiyle aynÄ± inÅŸallah sonuda aynÄ± olur..', 'DarÄ±sÄ± tez elden diÄŸer diktatÃ¶rlerin baÅŸÄ±na', 'TeÅŸekkÃ¼rler  Ã§ok gÃ¼zel bir sunuldu']"
23,RW5-H__ewtU,"['MÃ¼zik seÃ§imi kulaÄŸÄ± tÄ±rmalÄ±yor sanki', 'Guzel video', 'On numara program yeni keÅŸfettim sunucu kim', 'Cok gÃ¼zel', 'Frankfurt u gezmiÅŸ kadar olduk.gÃ¼zel olmuÅŸ tebrÄ±kler AdaÅŸÄ±m.', 'Christmas zamanÄ± Ã§ok renkliğŸ‰']"
24,5YlRirJWBRI,"['onlar her ÅŸeyi yerler nasÄ±l bir mideleri varsa', 'Saraydakiler aÄŸzÄ±nÄ±n tadÄ±nÄ± biliyorğŸ˜‚', 'TÃ¼rkÃ§esini de sen vermiÅŸ oldun.', ""DÃ¼ryan kebabÄ± Bitlis'in kardeÅŸim ,o kadarğŸ™ƒ""]"
25,KUhhvNS-sHI,"['KeÅŸke farklÄ± bir din ortaya Ã§Ä±ksa tÃ¼m dinlerin iyi taraflarÄ±nÄ± manevi ibadeti huzuru iÃ§inde barÄ±ndÄ±rsa yani eÅŸitsizlik dÄ±ÅŸlama anlamsÄ±z ayinler insanlara canlÄ±lara zarar verilmesini zorunlu kÄ±lan Ã¶zellikler hariÃ§ tabiki', 'Ã‡ok gÃ¼zeldi. Ã‡ok teÅŸekkÃ¼rler. Selamlar.', 'Ã‡ok keyifli Ã§ok gÃ¼zeldi teÅŸekkÃ¼rler', 'SaygÄ± ne gÃ¼zel ÅŸey, tam Peygamber ahlakÄ±...BaÅŸka Ã¼lkeleri gÃ¶rÃ¼nce milletimizin saygÄ±sÄ±z olduÄŸunu gÃ¶rÃ¼yorum maalesef...', 'Budizmin ahlak Ã¶ÄŸretileri toplumda kendini net gÃ¶steriyor. Ä°nsanlar birbirlerine karÅŸÄ± Ã§ok saygÄ±lÄ±.']"
26,2kbEzePDNNM,"['ğŸ‡¹ğŸ‡·ğŸŒ¹ğŸ‡¹ğŸ‡·', 'Tebrikler', 'G dokuz olmazsa yetmez bize', 'Cekim hersey cok guzel. Ama muzik biraz fazla olmus.', 'MuhteÅŸem inanÄ±lmaz', 'Ä°ki..Yil..Garmish.Parkennkirsen..Calistim..Harika..bir.Turis.kasabsasi..Cok.ABD.askerwar..', 'Benim Anadoludaki kÃ¶yÃ¼mÃ¼n manzarasÄ± oradan Ã§ok daha gÃ¼zel. YabancÄ± hayranlÄ±ÄŸÄ± bana Ã§ok ters geliyor.', 'Biz geÃ§im sÄ±kÄ±ntÄ±sÄ± yaÅŸÄ±yoruz ..Adamlar zevkini yaÅŸiyor .. Bir bilet 63 Euro ..yani 1500 lira civarÄ±nda ..Asgari Ã¼cretin 4 de biri  Biz bu parayla 10 gÃ¼n yaÅŸamaya calisiyoruz..NeymiÅŸ TÃ¼rkiye geliÅŸiyormus..', 'Alpler belkide dÃ¼nyanÄ±n en gÃ¼zel daÄŸlarÄ±. Belki uzakdoÄŸudakiler yarÄ±ÅŸabilir.', 'Tebrik ederim videolarÄ±nÄ±zÄ± cok begendim. Sade temiz bir anlatim ve harika gÃ¶rÃ¼ntÃ¼ler.']"
27,Qc7KSWuMzd4,"['Videonun tamamÄ±nÄ± buradan izleyebilirsiniz https://youtu.be/VMMxLHrmv04', 'Kralâ€™a kafa tutan deÄŸirmencinin adalet mÃ¼cadelesi. Berlinde hakimler var!']"
28,ji7ogvgLbBA,"['Ä°lk defa gordum cok guzel...Almanya ya gÄ±dÄ±nce mutlaka gÄ±decegÄ±m', 'Hocam Akillisin \nHelal Olsun.\nFrankfurtki\nAlmanyanin Finans Merkezi.\nMekanin  Guzel\nBereketin Daim Olsun\nCanada dan Saygilar', 'KÃ¼ltÃ¼r dediÄŸine bak yine tavuk satÄ±yor', 'cok kaliteli yayinlar bravo.', 'Esnaflarin efendisi hayirli islerin olsun', 'Ramiz abimize iÅŸinde baÅŸarÄ±lar diliyorum.  Bir ÅŸey dikkatimi Ã§ekti ! Bizim MutfaÄŸÄ±mÄ±z  Adana kÃ¶fte dÃ¶ner ve muadilleri deÄŸildir deyip sonra kendi mÃ¼essesesinde tenkit ettiklerini satmasÄ± ayrÄ± bir gÃ¼zellik olmuÅŸ.', 'Senin konuÅŸtuklarÄ±nÄ± anlarÄ±mda  balÄ±kÃ§Ä±nÄ±n  ne konuÅŸtuÄŸunu malasef anlaÅŸÄ±lmadÄ±', 'Guzel biÅŸey.', 'Lahmacun-etli hamur,ArapÃ§a ve gÃ¼neydoÄŸunun yeyeceÄŸi.Ä°stanbul bile lahmacunu 1960 dan sonra tanÄ±dÄ±â€¦.', 'ğŸ‘ğŸ‘â­ğŸ‘ğŸ‘ğŸŒ¿']"
29,VMMxLHrmv04,"['â€œAdalet bana her sabah, sÄ±cak bir ekmek kokusuyla gelirdi.â€ demiÅŸ adam. KralsÄ±n Frederick! Bu kokuya hasret kaldÄ±k yÄ±llardÄ±r. DeÄŸirmen susuz, sofralar tuzsuz.', 'GÃ¼zel program olmuÅŸ.', 'Ã‡ok iyi', 'ATATÃœRK un gÃ¼Ã§lÃ¼ bir Ä±slam inancÄ± var.Alkol ve sigara hariÃ§  hiÃ§bir kusuru yok.ALLAH TEALA gerÃ§ekten herÅŸeyi biliyor ve denge iÃ§inde herÅŸeyi  YARATILANLARIN anlayamayacagi ÅŸekilde olaÄŸanÃ¼stÃ¼ yaratmÄ±ÅŸ.', 'YazÄ±k bugÃ¼n Ã¼lkeyi yÃ¶neten akp de ADALET yok ILIM yok AHLÃ‚K yok.Yazik bunlar yoksa ibadetler kabul olmuyor.inanÃ§ ve iman AHLÃ‚K ADALET SEVGI SAYGI ILIM HOÅGÃ–RÃœ BILIM ERDEMLERÄ°YLE YAÅAYIP IBADET ILE TACLANDIRMAK tir', 'ZavallÄ± prusya kralÄ±. HayatÄ±nda hiÃ§ Ã§Ã¶kertme oynamamÄ±ÅŸ..... Bizde her an Ã§Ã¶kme ve Ã§Ã¶kertme oynanÄ±yor. Fakat halkÄ±mÄ±z ayakta uyuyor. Berlin de hakimler varsa birazda bize gelsinler.', 'gelip cumhuriyet ini gÃ¶r @&', 'ğŸ˜ŠğŸ˜ŠğŸ˜Štesekur    ederim kardeÅŸim sÃ¼per    yÃ¼reyine saÄŸlÄ±k allah razÄ± olsun sizden', 'BU  DEÄÄ°RMEN  Ã‡OK KUTSALDIR.. YAKLAÅANI  Ã‡ARPAR.', 'AtatÃ¼rk bayraktÄ±r\nAtatÃ¼rk vatandÄ±r\nNe mutlu TÃ¼rkÃ¼m diyene ğŸ‡¹ğŸ‡·']"
30,Bp9wpYk3rso,"['Ã‡ok eÄŸlenceli bir bÃ¶lÃ¼m olmuÅŸ ğŸ‘ğŸ»ğŸ‘ğŸ»ğŸ‘ğŸ»', 'ğŸ˜…ğŸ˜…ğŸ˜…ğŸ‘ğŸ‘‹', 'GÃ¼zel insanlarÄ±n Ã¼lkesi.. ğŸ˜Š', 'Bu harika gÃ¶rÃ¼ntÃ¼ler  iÃ§in; sÄ±cak ve gÃ¼zel gezinti iÃ§in ; tesekkur ederiz,,,emeÄŸinize saÄŸlÄ±k.', 'Ahmet bey videolarÄ±nÄ± zevkle izliyorum', 'Bosna insanÄ± Ã§ok neÅŸeli canayakÄ±n', 'Dogasi harikaymis. Hele o suyun berrakligi bulanik dunyamiza nispet eder gibi...', 'Keske Meric i gecenler icinde boyle eglenceli olsaydi!']"
31,_bOfL3CKF98,[]
32,vbbb99GvQRQ,"[""Ne anladÄ±k?\n1. Memlekette 2 Ã¼niversite bitirenler iÅŸ bulamazken Almanya'da daha Ã¼niversite okuyan Ã¶ÄŸrenciler part-time 500-600 â‚¬ kazanabiliyormuÅŸ.\n2. Ãœniversiteler neredeyse Ã¼cretsizmiÅŸ.\n3. 6 ayda orta seviye dil Ã¶ÄŸrenilebilirmiÅŸ.\n4. Alman sistemi Ã¶nce kendi dilini Ã¶ÄŸretiyor, sonra da kiÅŸiyi iÅŸ gÃ¼cÃ¼ne katÄ±yormuÅŸ. Kazan-kazan.\n4. Almanya bizi kÄ±skanmÄ±yormuÅŸ!\nEÄŸitimle ilgili ufuk aÃ§Ä±cÄ± bir video olmuÅŸ. Danke!"", 'Ãœniversite mezunu olmuÅŸ fakat tekrardan Ã¼niversite okumak iÃ§in Ã¶ÄŸrenci vizesi almak isteyen biriyim bunun iÃ§in tekrardan Ã¼niversite sÄ±navÄ±na girmem gerekiyor mu yoksa daha Ã¶nce almÄ±ÅŸ olduÄŸum lisans puanÄ±mla yerleÅŸebilir miyim?', 'YaÅŸ sÄ±nÄ±rÄ± var mÄ±?', 'Ã‡ok gÃ¼zel bir bilgilendirme videosu olmuÅŸ. Kanada iÃ§in de benzer  bir video Ã§ekilebilir. Buraya da dil kurslarÄ± ile gelen birÃ§ok genÃ§ var.ğŸ‡¨ğŸ‡¦ğŸ‡·ğŸ‡´ğŸ‡¹ğŸ‡·', 'Tam istedigim video :)', 'Ahmet bey ozel universitelere deginmemissiniz. Ozel universitelerle ilgili bilgide verirseniz iyi olur diye dusunuyorum.', 'Dil konusuna deginmeniz iyi olmus Ahmet bey. Zira bir cok ogrenci dil konusunu asilmaz bir problem olarak goruyor. Ama Orbay bize bu isin cok ta zor olmadigini gostermis oldu.', 'Dil konusu herkesi korkutuyor ama hiÃ§ de zor deÄŸil. GenÃ§ler bu fÄ±rsatÄ± imkanlar Ã¶lÃ§Ã¼sÃ¼nden deÄŸerlendirin. ZatÄ±n biri boÅŸuna demiyor: akÄ±llÄ± olanlar yurtdÄ±ÅŸÄ±na gitti aptallar burada kaldÄ± diye:)', 'Ya Gardas 3 inek nedir yavv. Oyle hayel mi olur. Bari 100 deseydin!', 'KarÄ±ÅŸÄ±k gibi gÃ¶rÃ¼nen bir konu net bir ÅŸekilde ifade edilmiÅŸ. SaÄŸolun.']"
33,06lzuwaplD0,[]
34,44BVqr4BxwA,[]
35,vJ4paVlTFt0,"['Anadoluda bÃ¶le kÃ¶yler nerde var varsada Bi kaÃ§tane.. OsmanlÄ± parayi da yatirimida hep batÄ±ya Balkanlara yapmÄ±ÅŸ..askeri ,vergiyi andolunun gariban halkÄ±ndan toplamis.a ac sefil kalmis millet neyle bÃ¶le gÃ¼zel kÃ¶yler kursunlar para bÄ±rakmamÄ±ÅŸ ki']"
36,shY1j2ggGYo,[]
37,07aKceGqQhs,[]
38,26VswRL53Js,"['CababiÃ§i gÃ¶rsÃ¼n ibrad alsun', 'Milleti iÃ§tilzeyirletiker kafalarinagÃ¶re yaÅŸadilar zonbitevri oltular lez veibne oltular  dilerim  dirilirosmanli', 'BaÅŸam zadi dÃ¼nya osmanlinindi', 'Ã‡ok gÃ¼zel yeÅŸillik. TÃ¼rkiye gibi ormanlarÄ± yaktÄ±rmÄ±yorlar.', 'Sarajevo grade moj â¤ï¸', 'Gezilecek yerlri sÄ±rayla gÃ¶sterilse Ã§ok daha iyi olur\nÃ‡ok gÃ¼zel severek izliyoruz', ""SarÄ± saltÄ±k tÃ¼rbesi biri de bursa iznik'te"", 'KÄ±sa kÄ±sa ve Ã¶z bilgiler. Tebrikler', 'Arada bir AtatÃ¼rk filan deseydiniz,AtatÃ¼rkÃ§Ã¼ arkadaÅŸlar alÄ±ngandÄ±r:))', 'ğŸ‘ğŸ‘']"
39,pU3ZIhEy7Zw,"['Aceh and TÃ¼rkiye are the closest allies and war alliance against enemies', 'Acele ayrÄ± pasaport ve ayrÄ± vize uyguluyorlar Ã§ok merak ediyorum  turkiyeden oraya ikamet edebilirsiniz', 'Abi bende aceh ye gideceÄŸim muhsin kardeÅŸe nasÄ±l ulaÅŸabilrim', 'Allah razÄ± olsun sizden. \n\nBir zamanlar biz de millet hem nasÄ±l milletmiÅŸiz\nGelmiÅŸiz dÃ¼nyaya milliyet nedir Ã¶ÄŸretmiÅŸiz\nKapkaranlÄ±kken bÃ¼tÃ¼n afaki insaniyetin\nNur olup fÄ±ÅŸkÄ±rmÄ±ÅŸÄ±z ta sinesinden zulmetin.', 'GÃ¼zel video detaylÄ± ve bilgilendirici teÅŸekkÃ¼rler..', 'Assalamualaikum\nWelcome to my country, greeting from Aceh', 'Harika belgesel devamÄ±nÄ± bekleriz.baÅŸarÄ±lar...', ""I'm from Acheh, all acheh people know turkiye, all acheh people love turkiye, because of our great history in the past, \nWe are brother, don't forget us here ğŸ™"", ""Abidin'in evi de yÄ±kÄ±lmadÄ±.. Tek katlÄ± evdi..Depremlere dayandÄ±."", 'Vere nÄ±ce']"
40,2pI85sv320E,"['Ä°zledikten sonra yorum yapmayÄ± unutmayalÄ±m arkadaÅŸlar, teÅŸekkÃ¼rler', 'TÃ¼rkiyemizde de var tarihi kÃ¼ltÃ¼rel guzel yerler buralardada Ã§ekim yapÄ±p ekranlara taÅŸÄ±manÄ±zÄ± beklÄ±yoruz..', 'Kazik yetistiremezdi akhsndjkansd', 'Yolun aÃ§Ä±k olsun gÃ¼zel Ä±nsan', 'Bilgiler iÃ§in teÅŸekkÃ¼rler', 'KorkunÃ§ olsun diye saÃ§ sakal daÄŸÄ±nÄ±k', 'Gayet gÃ¼zel bir program olmuÅŸ. EmeÄŸinize saÄŸlÄ±k.', 'Gayretinize hayranÄ±m   SayÄ±n  DÃ¼nyAlem .', 'Ellerinize saÄŸlÄ±k hepinizin   SayÄ±n  DÃ¼nyAlem .', 'DÃ¼nyalem teÅŸekkÃ¼rler; hem tarihi hem kÃ¼ltÃ¼rel  olarak bizi bilgilendiriyorsunuz. Yolunuz aÃ§Ä±k olsun, iyiki varsÄ±nÄ±z.']"
41,85cRH3dyv1o,"['Hemen hindistan cevizi bulup icmem lazÄ±m', 'Tebrikler..', 'Paylasim harika tesekkyr lerğŸ’™ğŸ’™ğŸ’™ğŸ’™ğŸ’™ğŸ’¯ğŸ’¯ğŸ‘ğŸ‘', 'Ã‡ok kaliteli, gÃ¶rÃ¼ntÃ¼leri mÃ¼thiÅŸ bir video olmuÅŸ. Gayretlerinizden dolayÄ± teÅŸekkÃ¼r ediyorum. Yeni videolarÄ±nÄ±zÄ± bekliyoruz.', 'Harika', 'Agzimiz suulandi ğŸ˜ğŸ‘ğŸ». Dunyanin guzelligi DÃ¼nyAlemle daha da guzellesti ve ayaklarimiza kadar geldi ğŸ‘ğŸ»\nCok sag olun â¤', 'Tabi sahil PÄ±rlanta olunca suyu da iÃ§iliyor:))', 'tesekkurler', 'Ã‡ok gÃ¼zel ama porto katsiki yi tercih ederim', 'Ã§ok gÃ¼zel manzarasÄ±  denizi...ğŸ‘ğŸŒ¿ordaki dinozor kayasÄ±nÄ± balinaya benzettim bendeğŸŒ¿ğŸ‘']"
42,wwCDkDbEeuM,"['Merhaba arkadaÅŸlar. Videoyu izledikten sonra bildirimlerinizi aÃ§mayÄ± ve yorum yapmayÄ± unutmayÄ±n lÃ¼tfen \u202ağŸ˜Š ğŸ™\u202c', 'Uganda ya mutlaka gidin.', 'FÄ±rsatÄ±nÄ± bulursam dalacam walla!\nI feel like divingğŸ‘', 'Ã‡ok gÃ¼zel', '""Bundan sonra fÄ±rsat buldukÃ§a dalarÄ±m"" eyvah! ğŸ˜„ 14:03', 'Felicitari!', 'Antalyaâ€™yada daldÄ±m denizin altÄ± baÅŸka bir dÃ¼nya', 'Tebrikler', 'Benim de hayalim...GÃ¼zel program... Bisiklet sÃ¼per ğŸ˜‰', 'Endonezya Cennetin bir parcasi gibiiiiii :)']"
43,g3ERSpOuzU8,['O telefon geldigine dua etsin arkadas']
44,MmJSnBjromU,"['Videomuzu izledikten sonra lÃ¼tfen yorum yapmayÄ± unutmayÄ±n ğŸ™', 'ben yemistim daha salak oldun', '100 percent halal', 'Gidip meyve yiyesim geldi', 'Ã‡ok gÃ¼zel', 'Ã§ok deÄŸiÅŸik meyvelerğŸ‘â­â­', 'Ã‡ok gÃ¼zel', 'uzakdoÄŸu dan bÄ±razda batÄ± tarafÄ±na peru ya o Ã¼nlÃ¼ tapÄ±naklarÄ±n olduÄŸu yere gelÄ±nÄ±z istersenÄ±z yada farklÄ± yerlere kolay gelsin', 'Sevgili admin, o kadar meyveye ne Ã¶dediÄŸini bileydik iyiydi. Meyveyle karÄ±n doyurmak kaÃ§a patlar?', 'Meyveler Ã§ok gÃ¼zel miÅŸ']"
45,U8pHmvyfik8,"['Hayretle ve heyecanla izledim. Yine iz bÄ±rakan bir bÃ¶lÃ¼m olmuÅŸ, tebrikler. YalnÄ±z 100 dolara 2 dakika tekne yolculuÄŸu, kendi Ã¶lÃ¼lerini deÄŸil ama sizi diri diri gÃ¶mmÃ¼ÅŸler resmen ğŸ˜', 'GÃ¼zel ve ilgi Ã§ekici bir yeri tanÄ±ttÄ±ÄŸÄ±niz icin teÅŸekkÃ¼r ederim.  Fakat mikrofon kalitesi cok dÃ¼ÅŸÃ¼k.  LÃ¼tfen deÄŸiÅŸtirin', 'Ä°slam dinimizin kÄ±ymetini bilmeyi musluman olduÄŸum iÃ§in binlerce ÅŸÃ¼kÃ¼r  ne varsa islamda var hiÃ§ bir kusur bulamazlar  ELHAMDÃœLÄ°LLAH  bin ÅŸÃ¼kÃ¼r ALLAH â¤', 'GÃ¶rÉ™sÉ™n onlar Ã¶lÃ¼lÉ™rini ziyarÉ™tÉ™ gedÉ™ndÉ™ aÄŸliyÄ±rmi o cÉ™sÉ™di gÃ¶rÉ™ndÉ™ gÃ¶z yaÅŸlarÄ± necÉ™ olur maraqlÄ±dÄ±', '.', 'Manyaklar', 'Gece oraya gitmek yÃ¼rek ister gerÃ§ekten Ã§ok Ã¼rkÃ¼tÃ¼cÃ¼ bir yer resmen o orman tabi onlarÄ±n geleneyimis 1000.yildir  kafataslarÄ±nida  dizmiÅŸ ler         bazÄ±larÄ± yemyeÅŸil olmuÅŸ nekadar eski  yÃ¼zyÄ±llardÄ±r oradalar  nekadar korkunÃ§ bir gÃ¶rÃ¼ntÃ¼', '0,50 dolar benzin fiyatÄ± ğŸ˜¢ hayÄ±r aÄŸlamÄ±yorum gÃ¶zÃ¼me petrol kaÃ§tÄ±.', 'salak saÃ§ma dinsiz hindular ortalÄ±k Ã¶lÃ¼den kotu kokar', 'ElhamdÃ¼lillah mÃ¼slÃ¼man yaratmÄ±ÅŸ rabbim bizi MÃ¼slÃ¼man olarak da diriltsin rabbim bizleri']"
46,yzxu6kZrTkA,"['YaklaÅŸÄ±k 4 koca yÄ±l... Allah rahmet eylesin, masumlarÄ± mahfuz eylesin', 'Dunyalem bu kanali seyretmeli :)))', 'ah ah bosnağŸ˜ª', 'InsanliÄŸÄ±n sukut ettiÄŸi yer Bosna. EmeÄŸinize saÄŸlÄ±k.', 'Emeginize saÄŸlÄ±k, unutmamak, unutturmamak lazÄ±m', 'Allahim bir kere daha Cehennemin hikmetini anliyoruz, zalimler icin yasasin cehennem!', 'Avrupa bugÃ¼n de Ukraynaâ€™da sÄ±nÄ±fta kaldÄ±', 'Ã‡ok gÃ¼zel bÃ¶lÃ¼m olmuÅŸ. 40 yaÅŸÄ±n altÄ±ndakiler hatÄ±rlamaz']"
47,d8d0BzxQ25Y,"['Kedimi sansarmi', 'deve idrarÄ±na laf sÃ¶yleyenler nerdesiniz', 'Cidden midem bulandÄ±. Neden meyvenin Ã§ekirdeÄŸini Ã§Ä±karmak bu kadar zor. Bence sizinde Ã§ok icinize sinmedi', 'Caanim kediler bunlardan ne Ã§ekti be.Allah hidayet versin', 'Bok ye derler ya.Tam da oâ˜¹', 'Kahvenin yapÄ±lÄ±ÅŸÄ± nasÄ±l bulunmuÅŸ onuda anlamanÄ±zÄ± isterdim. Merak ettim.', 'Ä°yi gÃ¼nler videoyu sonuna kadar izledim zevkle', 'ne bok yiyeceÄŸini ÅŸaÅŸÄ±rdÄ± insanlar', 'Ben de kahveden iÃ§mek isterim', 'HiÃ§bir ÅŸey boÅŸuna yaratÄ±lmamÄ±ÅŸ']"
48,ThL1xqSoIdE,"['Ã‡ekimler kurgu vs. Ã‡ok gÃ¼zeel ailecek izliypeuz emeklerinize saÄŸlÄ±k Ã§ok gÃ¼zel bir program ğŸ‘ğŸ‘ğŸ‘', 'ğŸ‘ğŸ‘ğŸ‘ğŸ‘...', 'Ä°TALYA ya', 'Allah razi olsun abi,, ulkemizi tanitiriyorsunuz', 'Antalya :)', 'Mukemmel bir video daha, bu tarz videolara ihtiyacimiz var. Bu arada yakin takipciniz olarak, muzik sesiyle kousma seslerini ayarlayabilirseniz sevinirim ğŸ‘ğŸ».', 'Ã‡ooook iyi yeni iÃ§erikler bekliyoruz ğŸ‘ğŸ»ğŸŒŸ', 'Ã‡ok gÃ¼zel bir program emeÄŸinize saÄŸlÄ±k', 'gÃ¼zel bÃ¶lÃ¼m olmuÅŸ. Ã§ekimler ise Ã§ok daha gÃ¼zel', '15:50 ...']"
49,xFGTVSae1cs,"['Uganda yi da gezmenizi tavsiye ederim.Marmara Denizi nin 4 kati genisliginde Victoria GolÃ¼,Nil in kaynaÄŸÄ±,dogal safari alanÄ± gibi Ã§ok cazip yerler var.', 'BaÅŸarÄ±lar seyyah bey', 'Siz endenozyadamÄ± kalÄ±yorsunuz', 'ELÄ°NÄ°ZE EMEÄÄ°NÄ°ZE SAÄLIK OLSUN BAÅARILAR DÄ°LERÄ°M. DEDE.', 'Arslanlari niye beslemedin anlamadim', 'BaÅŸarÄ±lar', 'Mantap', 'Harika videolar, cok tesekkurler. Keyifle izliyorum videolarinizi.', '7:33 Eti pilava bandÄ±rdÄ±!ğŸ˜ƒ', 'Fok balÄ±ÄŸÄ± Ã§ok sempatik']"
50,_bmCvZFLcIw,"['Abi bu kadar yiyip yine fit nasil kalabiliyorsunuz?', 'Seyrederken karnÄ±m acÄ±ktÄ± doÄŸrusu Ahmet abi. GÃ¼zel bir bÃ¶lÃ¼m olmuÅŸ. Tebrikler!', 'ELÄ°NÄ°ZE EMEÄÄ°NÄ°ZE SAÄLIK OLSUN BAÅARILAR DÄ°LERÄ°M. DEDE .', 'GerÃ§ekten Ã§ok kaliteli ve gÃ¼zel bir video olmuÅŸ. EndonezyalÄ±lar Ã§ok gÃ¼leryÃ¼zlÃ¼, saygÄ±lÄ± ve Ã§alÄ±ÅŸkan insanlar.', 'bende 2019 yÄ±lÄ±nda 10 gÃ¼nlÃ¼ÄŸÃ¼ne endonezyada bulundum \nJakarta bogor sukabimi buralardaotellerde kaldÄ±m  gerÃ§ekten Ã§ok gÃ¼zel bir Ã¼lke  tekrar gitmek ve daha uzun kalmak istiyorum', 'Harika bir tanitim olmus pasifik yemeklerini sevenler icin mukemmel.lezzetler', 'Cok gÃ¼zel programğŸ‘', 'Ne kadar acÄ± olursa olsun yerim. Bana gÃ¶re sayÄ±lÄ±r mÄ± orasÄ±?', 'KeÅŸke adedi falan dinlemeseydiniz.\nAma yemek gerÃ§ekten gÃ¼zel gÃ¶rÃ¼nÃ¼yor.', 'Sokak yemekleri berbat gÃ¶rÃ¼nÃ¼yor.\nRestaurantta neden hiÃ§ kimse yoktu?']"
51,fDhssuu3cI4,"[""7000 yÄ±llÄ±k medeniyet bu kadar gÃ¼zel anlatÄ±lmadÄ± ... desem Ã§ok iddialÄ± olurdu ğŸ˜ƒ ama gerÃ§ekten zevkle izledim, elinize saÄŸlÄ±k, tekrar Yunanistan'a gidesim geldi. Bu arada Ã§ekimleri ve montajÄ± yapan arkadaÅŸa da Ã¶zel olarak tebrikler!"", 'Ãœstat emeÄŸinize saÄŸlÄ±k yalnÄ±z paÅŸa limanÄ± vede mÃ¼badele ile TÃ¼rkiye den gelen rum ve hatta hiristiyan TÃ¼rkler eksik kalmÄ±ÅŸ, bilginiz olsun.', 'Ã§ok gÃ¼zel bir anlatÄ±m ile hatÄ±ralarÄ±mÄ±n ÅŸehrine gittim.emeÄŸinize saÄŸlÄ±k...', 'Ã‡ok gÃ¼zel teÅŸekkÃ¼rler', 'Ã‡ok gÃ¼zeldi\nElinize saÄŸlÄ±k\n( oraya has birkaÃ§ yemek Ã§eÅŸidini tadarken de gÃ¶rmek isterdik sizi:) \nÃ‡ocuklarla birlikte severek izledik \nVideolarÄ±nÄ±zÄ±n devamÄ±nÄ± bekliyoruz ğŸ‘', ""KomÅŸumuz Yunanistan'Ä±n baÅŸkenti Atina'yÄ± gÃ¶steren turistik amaÃ§lÄ± bir belgesel.\r\n\r\nBirbirlerine neredeyse tek yumurta ikizleri kadar benzeyen, konuÅŸtuklarÄ± dillerin farklÄ± olmasÄ± dÄ±ÅŸÄ±nda duygularda, dÃ¼ÅŸÃ¼ncelerde birbirlerine Ã§ok benzeyen bu iki halkÄ±n geÃ§miÅŸteki kÄ±rgÄ±nlÄ±klarÄ±, kÃ¼skÃ¼nlÃ¼kleri, dÃ¼ÅŸmanlÄ±klarÄ±, Ã¶n yargÄ±larÄ± mutlaka aÅŸmalarÄ±nÄ± ve iki kardeÅŸ, dost, komÅŸu, ticari partner ve mÃ¼ttefikler olarak bir arada, beraberce yaÅŸayabilmelerini gerÃ§ekten Ã§ok arzu ettiÄŸim ve dÃ¼nya klasÄ±nda, harika mÃ¼ziÄŸine Ã§ok hayran olduÄŸum bir Ã¼lkedir, komÅŸumuz Yunanistan. \r\n\r\nAlmanya'da yaÅŸadÄ±ÄŸÄ±m 20 yÄ±l zarfÄ±nda istisnasÄ±z tanÄ±ÅŸtÄ±ÄŸÄ±m bÃ¼tÃ¼n Yunan yurttaÅŸlarÄ±nÄ± Ã§ok sevdim, onlara saygÄ± ve hayranlÄ±k duydum. Ä°nÅŸallah, YÃ¼ce Allah'Ä±n yardÄ±mÄ±yla ve akÄ±llÄ± politikalar sayesinde TÃ¼rkiye ve Yunanistan gerÃ§ek iki dost ve kardeÅŸ Ã¼lke olabilmeyi gÃ¼nÃ¼n birinde baÅŸaracaklardÄ±r."", 'Yunanca ÅŸarkÄ±nÄ±n ismini sÃ¶yleyebilir misiniz', 'Mukkemmel icerikler herkesin emegine saglik. Bir takipciniz olarak yolculuklarinizida (malum yerlere gidislerinizi) ufak kesitlerle ekleyebilirseniz, oraya gitmenin hissine bir adim daha yaklasilabilecegini dusunuyorum.', 'Atina ile ilgili sÃ¶ylemek istediÄŸiniz veya anlatmak istediÄŸiniz bir anÄ± varsa lÃ¼tfen yorumlara yazÄ±n. TeÅŸekkÃ¼rler.', 'MuhteÅŸem bir programdÄ±. BaÅŸarÄ±larÄ±nÄ±zÄ±n devamÄ±nÄ± diliyorum ğŸ‘']"
52,DyKM-USv7ww,"['ğŸ‘ğŸ‘', 'Slm Allah razÄ± olsun... Ã‡ok teÅŸekkÃ¼r ediyorum. Ben de Saim Orhan bey yine dÃ¼nyanÄ±n dÃ¶rt bir yanÄ±ndan manzaralar getirse ekranlarimiza diye dÃ¼ÅŸÃ¼nÃ¼yordum. ÅÃ¼kÃ¼r kavuÅŸturana... ElhamdÃ¼lillah... Emegi geÃ§en herkese sonsuz teÅŸekkÃ¼rler Aeo', 'cennet kapÄ± sayÄ±sÄ±-8 kapÄ± ÅŸÃ¶yledir; Salat, Cihad, Reyyan, Sadaka, Zikir, Af, Hac, Eymen veya mÃ¼barek.', 'OGLUCUGUM BÄ°LAL EVÄ°MÄ°ZDE KÄ° SON KALAN 30 MÄ°LYONCUK EUROYU DA SIFIRLA YAVRUCUÄUM BÄ°LAL TAMAM BABACÄ°GÄ°M..', 'BÄ°ZÄ°M ULKEMÄ°ZÄ°DE SÄ°YASAL Ä°SLÃ‚M HÄ°RSÄ°ZLARÄ° MAFYASÄ° BELASI RETOCETESÄ° FETOCETESÄ°. MAHVETTÄ°..', 'Tanitimlariniz cok gÃ¼zel. Devamini izleyebilmek temennisiyle..', 'youtubede gezÄ±nÄ±rken bÄ±rden sÄ±zÄ±n vÄ±deolara denk geldÄ±m sonrada bÄ±r baktÄ±m tum vÄ±deolarÄ±nÄ±zÄ± Ä±zlemiÅŸim gayet basarÄ±lÄ± devamÄ±nÄ± beklerÄ±z tebrÄ±k ederim..', 'Subtitle Indonesia..', 'Surabaya hakkÄ±nda bir gezi olursa iyi olur inÅŸallah.', 'Elinlze emeÄŸinize saÄŸlÄ±k olsun baÅŸarÄ±lar dilerim DEDE']"
53,6I_eea8iM9A,"['Ailelerini bÄ±rakÄ±p Ã¼lkelerinden kaÃ§anlara kaÃ§kin denir sadece amacÄ±nÄ±z nedir kadÄ±n Ã§ocuk deÄŸil Ã¼lkelerinden kaÃ§an genÃ§ erkekler kaÃ§kindÄ±r yuh.', 'Benim anlamadÄ±ÄŸÄ±m ailem Ã¼lkemde iyi durumda diyorlar onlarÄ± Ã¶zlÃ¼yorum diyorlar o zaman gidin sizde ailenizle birlikte Ã¼lkenizde iyi olun ne iÅŸiniz var uzak uzak Ã¼lkelerde', '11 yÄ±ldÄ±r ekmeÄŸini iÅŸini mesleÄŸini evini sahilleri ÅŸehir meydanlarÄ±ni hatta bazÄ±larÄ±mÄ±z canÄ±nÄ± paylaÅŸmasina raÄŸmen,hala hak yok adalet yok empati yok diyen rezil adam sana buradan Ã§ok ama Ã§ok kÃ¼fÃ¼r etmem gerek ama Ã§ocuklar kadÄ±nlar da bu yorumlarÄ± okuyorlar..Tek cÃ¼mle,yazÄ±klar olsun sana ve senin gibi bu Ã¼lkede yaÅŸayÄ±p ta nankÃ¶rlÃ¼k yapan Suriyelilere...', 'Fetocular vidro cekmis. ğŸ¤£ ğŸ¤£ ğŸ¤£', 'Ahh ahh gitsem bir dert gitmesem bin dert...', ""BÃ¼tÃ¼n Ã¼lkelerdeki muletciler ayaklanma yapsa Avrupa korkudan saklanÄ±r Avrupa'yÄ± yakarsa mÃ¼lteciler yakar ve yÄ±kar"", 'Sunu unutmauin merhmet vatana ihanetir  bu miteciler cankale  arpaler diyer miletler bizle savasmadÄ± bize isanlÄ±k dersi oretmeyin biz 11 senedir suryelileri besliyoz   tukistanlilar leni sitelin doneminde   tukistnla zulum yaparken nerdeydiniz  kimse isanlik dersi vermeyin bensize  daha buyuk  ders verim zamani gelince', 'yunanlarÄ± hiÃ§ sevmem ğŸ‡§ğŸ‡¦ğŸ‡¹ğŸ‡·', 'Bu hÄ±zlÄ± konuÅŸma dan vazgeÃ§in. DoÄŸal konuÅŸmanÄ±z Ã§ok gÃ¼zel bunu bikgisayardami yapÄ±yorsunuz cÃ¼mleniz bitmeden diÄŸer cÃ¼mle giriyor hiÃ§ hoÅŸ deÄŸil', 'Insan hikayeleri ile mÃ¼lteci sorunu Ã§ok gÃ¼zel Ã¶zetlenmiÅŸ. EmeÄŸinize saÄŸlÄ±k. Arka planda verilen mÃ¼zik insanlar konuÅŸurken biraz kÄ±sÄ±lÄ±rsa daha iyi olur, aksi durumda mÃ¼zik  konuÅŸmalarÄ± bastÄ±rÄ±yor. Yolunuz aÃ§Ä±k olsun..']"
54,-qsNnTKy1d0,"['ğŸ‘ğŸŒ¹', 'Selanikâ€™ten nasÄ±l ulaÅŸÄ±lÄ±yor?', 'Kaliteli Ã§ekim', 'Niye urksunler ya TÃ¼rkÃ§e duyunca... orayÄ± mÄ± fethetmeye dÃ¼ÅŸÃ¼nÃ¼yorsun adamlar AB Ã¼yesi sen Ã¼rk dolar 30 oluyor', 'Vaybe vaybe vaybe muhteÅŸem eser nasÄ±l yapÄ±lmÄ±ÅŸ o yÃ¼ksek kayalarağŸ‘', 'Ã‡ekimler Ã§ok gÃ¼zel olmuÅŸ. Tebrik ederim.', 'Harika, bir o kadar esrarengiz bir yer bayÄ±ldÄ±m. ğŸ¤©ğŸ¤©ğŸ˜ Oralara gidip kim bilir ne kadar Ã§ok emek vererek ve hiÃ§te kolay olmayan Ã§ekim ve emeklerle bu gÃ¼zellikleri bizlerle paylaÅŸtÄ±ÄŸÄ±nÄ±z iÃ§in Ã§ok ama Ã§ok teÅŸekkÃ¼r ederim. ğŸ™ğŸ¼ğŸ™ğŸ¼ğŸ™ğŸ¼\nYÃ¼reÄŸinize, emeÄŸinize saÄŸlÄ±k ğŸ‘ğŸ¼ ğŸ‘ğŸ¼ ğŸ‘ğŸ¼ ğŸ‘ğŸ¼', 'Ã§ok gÃ¼zel yerler, Rabbim neler yaratmÄ±ÅŸ insanoÄŸlu faydalansÄ±n diye. yaÅŸamak istedigim bir yer olurdu en azÄ±ndan senede 10 gÃ¼n bi inziva iyi gelirdi. ayrÄ±ca sultanlarÄ±n da buranÄ±n deÄŸerini bilmesi ne hoÅŸ, her ne kadar TÃ¼rkÃ§e onlarÄ± tedirgin ediyor deseniz de, Ã¶ncelikle insanlÄ±ÄŸÄ± olan herkes birbirine hoÅŸgÃ¶rÃ¼ ile yaklaÅŸmalÄ± bence. \n\n    kavimler gÃ¶Ã§Ã¼ ve Ã§in seddinden sonra tÃ¼rk akÄ±nlarÄ±ndan da kaÃ§mak iÃ§in buraya gelmiÅŸ olmalarÄ±,  bi tebessÃ¼m ettirmedi deÄŸil beni :)', 'KudÃ¼s  gidin lÃ¼tfen Ã¼Ã§ bÃ¼yÃ¼k dinin doÄŸduÄŸu yer diyorlar bize gÃ¶sterin bizjm gidecegimiz  yok bu pahalÄ±kta.', 'AGA SEN NE AYAKSIN BU MILLETE KENDI VATANINI TANIT . TURK OLUNMAZ TÃœRK DOGULUR']"
55,OKyN2NjAi-Y,"['TeÅŸekkÃ¼rler tuz Ã¶nemli vesselam. Tuz olmayinca hiÃ§ birÅŸeyin tadÄ± olmuyor abi', 'ğŸ‘', ""EmeÄŸinize saÄŸlÄ±k,  Ã§ok gÃ¼zel olmuÅŸ, bu tuz maÄŸarasÄ± Romanya'nÄ±n hangi ÅŸehrinde"", 'Tebrikler', 'Harika olmuÅŸ tebrikler yanlÄ±z yerin isminide yazarsanÄ±z daha gÃ¼zel olur.Devamini bekliyoruz.', 'KardeÅŸ  bende Allaha ÅŸÃ¼kÃ¼r  Ã¶lmeden  34 sene yerin 900 metre altÄ±nda Ã§alÄ±ÅŸtÄ±m 208 metre  yazÄ±sÄ±nÄ± okuyunca ister istemez gÃ¼lÃ¼msedim he birde yazayim dedim', 'GiriÅŸ Ã¼creti ne kadar acaba. GÃ¶rmeÄŸe deÄŸer bir ÅŸey var m? ona gÃ¶re bakmak lazÄ±m', 'Yine tadÄ± TUZU yerinde, Ã§ok gÃ¼zel bir bÃ¶lÃ¼m olmuÅŸ. Tebrikler!', 'iftar oncesi izlenecek bir video olmuÅŸ.ğŸ’¯', 'romanya yi bilmeyenler icin hangi sehirde oldugunu da soyleseniz daha iyi olabilir.']"
56,lh0IT0-y8Sg,"['KÃ¶stence  izmirmi  bolumu  yozgatmi', 'Cok cok Ã¶nemli        oraya 20 km yakinda  tÃ¼rk kÃ¶yÃ¼ var', 'BaÅŸarÄ±larÄ±nÄ±zÄ±n devamÄ±nÄ± dilerim....', 'HOGAM,BENCE...Medgidia, yani Medgidie,kasabasÄ±na,da ...Gitmelisiniz,Ã§Ã¼nkÃ¼ orada ,asÄ±l,( OsmanlÄ± TorunlarÄ± yani ,ecdadadlari  OsmanlÄ± ,dan Kalma gÃ¼zel insanlar ,Cook var,   ....Fakat ,Tarihimizi ve Ecdadlarimizin,NasÄ±l? Ve Nesekil?! Geldiklerinii, size Aktaragakk, Ve Ä°zah edecek,kardeÅŸlerimiz yok,Ve ya var ,ama!? Onarada  ,Vakti zamaninda, tam Anatilmamiss..Fakat ,Yaslilarmizz,in her birin,Hayat  Hikayesini,dinledinizde...Cook ÅŸeyler, Ã§Ã¶zebilirsiniz....BÃ¶yle, sizin gibii,gÃ¼zel Abilermizin ....ğŸ˜ŠğŸ˜ŠCogalmasa ,dileÄŸiyle....Sevgiler, SaygÄ±lar.....', 'Ahmet kardeÅŸim (yaklaÅŸÄ±k aynÄ± yaÅŸlardayÄ±z) video anlatÄ±mÄ±nÄ±z Ã§ok gÃ¼zel ve Ã§ekimlerinin devam etmesini dilerim, baÅŸarÄ±lar.', 'MuhteÅŸem bir belgesel ellerinize,emeÄŸinize saÄŸlÄ±k', 'Ã‡ok gÃ¼zel bir rÃ¶portaj .bir kÃ¶y daha biliyorum .hiÃ§ Romen yok .Romence adÄ± ghergina .mircea voda ya bagali .TÃ¼rkÃ§e adÄ± da DeuÅŸe.medgidiye ye yaklaÅŸÄ±k 20 km.hayirli iÅŸler.', 'Kendi kÃ¶yÃ¼mÃ¼ raslatÄ± olarak YouTube da bulmam ayrÄ± bir keyif verdi baÅŸarÄ±larÄ±nÄ±zÄ±n devamÄ±nÄ± dilerim', 'KÃ¶yde Ã§ok vakit geÃ§irmemiÅŸsiniz sanÄ±rÄ±m, bir bayram gÃ¼nÃ¼ gelirseniz Ã§ok kalabalÄ±k olur, birde tarihi anlattÄ±rmak iÃ§in hasan emmiyi bulaydÄ±nÄ±z 10 numara olurdu.', 'islami bir gezi olmus sanki']"
57,o5ooLGThDh4,"['Merhaba arkadaÅŸlar. Videoyu paylaÅŸmayÄ± ve beÄŸenmeyi unutmayÄ±n lÃ¼tfen. TeÅŸekkÃ¼rler', '16 leve nezam gelmiÅŸ 13 teleye', 'Abim duzgun hesapla yallniÅŸ', 'Ğ—Ğ´Ñ€Ğ°ÑÑ‚Ğ¸ ğŸ˜‚ğŸ¤£ğŸ¤£ğŸ¤£', 'Gelmein bulgara gozunus kaliyo gozunuz ciksin', 'Ğ½Ğ¸ÑˆÑ‚Ğ¾  Ğ½Ğµ Ñ€Ğ°Ğ·Ğ±Ğ¸Ñ€Ğ°Ğ¼ Ğ°Ğ¼Ğ° Ğ¿Ğ¾Ğ½Ğµ Ğµ ÑĞ¼ĞµÑˆĞ½Ğ¾ ğŸ˜†', 'Verin yetkiyi bu kardeÅŸinize gÃ¶rÃ¼n ekonomi nasÄ±l yÃ¶netiliyor, ha. ha, ha, gÃ¶rdÃ¼k reis sen ancak cebini doldurmayÄ± biliyorsun...', 'bu da  biÅŸeymi abd burdan kÄ±tasÄ±na  badem gÃ¶tÃ¼rÃ¼yor  satÄ±yor vergisi falan filan iÃ§inde burdan daha  ucuza  bize dÃ¼ÅŸman ne gerek  biz bize yetiyoruz zaten..', 'alkoller neden yok', 'Ama sonucta kendi  ulkelerinde de  pahalilik  varmis  ki  turkiye ye  geliyolar']"
58,r2NeGV5jrLM,"['Herkese selam dostlar, videoyu beÄŸenmeyi ve paylaÅŸmayÄ± unutmayÄ±n lÃ¼tfen. Hala abone olmadÄ±ysanÄ±z hemen abone olabilirsiniz.', '2 defa seyrettim acaba birÅŸeyler mi kaÃ§Ä±rdÄ±m diye ancak bulamadÄ±m. Videonun yarÄ±sÄ±ndan fazlasÄ± parlamento binasÄ± ve Ã§avuÅŸeskular hakkÄ±nda. BÃ¼kreÅŸ ÅŸehir  tanÄ±tÄ±mÄ± ikinci planda kalmÄ±ÅŸ', 'Åehir her yerde ihlamur kokuyor.insanlarda hep aynÄ± kokuyor.', 'GerÃ§ekten Ã§ok gÃ¼zel ve ibretlik elinize yÃ¼reÄŸinize saÄŸlÄ±k devamÄ±nÄ± bekliyoruz. Ä°sviÃ§re den selamlar.', 'HARÄ°KA', 'Cok basarili bir video', 'EmeÄŸinize saÄŸlÄ±k sÃ¼per video olmuÅŸ', ""Romanya'dan selamlar diyorum"", 'Guzel bir video ama. Ataturk bustunu ziyaret etmeden gitmek gercekten cok uzucu olmuÈ™..', 'Ã‡ok gÃ¼zel video... aÄŸzÄ±nÄ±za saÄŸlÄ±k']"
59,DRwg9wNBcCM,"[""YolculuÄŸumuza misafir olan siz deÄŸerli dostlarÄ±mÄ±zdan ricamÄ±z, lÃ¼tfen abone olmayÄ± ve bildirimleri aÃ§mayÄ± unutmayÄ±n. Ä°lk bÃ¶lÃ¼m 6 Mart Pazar gÃ¼nÃ¼ saat 10.00'da yayÄ±nda olacak. TeÅŸekkÃ¼rler  â¤"", 'At koÅŸturmak kilic kalkan kafa kesmek modundan cikin artik', 'Ingilizce versiyonu ayrÄ± bir boyut katar. BaÅŸarÄ±lar.', 'HayÄ±rlÄ± olsun... Ã‡ok gÃ¼zel.', 'Boyle bir programa ihtiyacimiz vardi. Merakla bekliyoruz...', 'GÃ¼zel bir program olmuÅŸ.', 'Yolunuz acik olsun', 'ğŸ‘ğŸ»ğŸ‘ğŸ»', 'TanÄ±tÄ±m Ã§ok profesyonel olmuÅŸ.YÃ¼reÄŸinize saÄŸlÄ±kğŸŒ¸ğŸŒº', 'BaÅŸarÄ±lar']"
