,video_id,channelTitle,title,description,tags,publishedAt,viewCount,likeCount,favouriteCount,commentCount,duration,definition,caption
0,rGVYDtxCjWA,DÃ¼nyAlem,Alexander ile KiÅŸinev Gezisi,"KanalÄ±mÄ±za  abone olmak iÃ§in tÄ±klayÄ±n: www.youtube.com/DunyAlemGezi
Bizi Ä°nstagram'dan takip edin : https://www.instagram.com/dunyalem.gezi/
Bizi TikTok'tan takip edin: https://www.tiktok.com/@dunyalemgezi
Bizi Twitter'dan takip edin: https://twitter.com/DunyAlemgezi","['dÃ¼nyalem', 'dÃ¼nya alem', 'dÃ¼nya alem gezi', 'iÅŸ fÄ±rsatlarÄ±', 'yurt dÄ±ÅŸÄ±nda eÄŸitim', 'yurt dÄ±ÅŸÄ± iÅŸ fÄ±rsatlarÄ±', 'gezi', 'dÃ¼nya turu', 'avrupa Ã¼lkeleri', 'en gÃ¼zel Ã¼lkeler', 'ahmet daÅŸtan', 'seyahat', 'macera', 'amazing', 'BÃ¼yÃ¼k Stefan', 'Moldova', 'kiÅŸinev', 'KiÅŸinevâ€™de gezilecek yerler', 'Moldovaâ€™da gezilecek yerler', 'Gagavuzlar', 'Romanya', 'Romence', 'Åarap Mahsenleri', 'PuÅŸkin', 'MoldovalÄ± kÄ±zlar']",2023-10-29T08:12:29Z,223,34,,18,PT30M22S,hd,false
1,0k1nQ_dYwB4,DÃ¼nyAlem,Dobrucaâ€™da Gizlenen Roma DÃ¶nemi Ä°htiÅŸamÄ± Tropaeum Traiani,BÃ¼yÃ¼k Roma imparatoru Nerva Traianâ€™Ä±n kazanmÄ±ÅŸ olduÄŸu bÃ¼yÃ¼k zafer Ã¼zerine yapÄ±lan 2000 yÄ±llÄ±k anÄ±t,"['Tropaeum Traiani', 'Trajan', 'Dobruca', 'KÃ¶stence', 'Costanta', 'Roma', 'Roma imparatorluÄŸu', 'Nerva Traian', 'Romanya', 'Daci', 'Dacia', 'Zafer anÄ±tÄ±', 'Tarihi eser', 'Roma TapÄ±naÄŸÄ±', 'En Ã¶nemli Roma mimarisi', 'En Ã¶nemli Roma TapÄ±naÄŸÄ±']",2023-10-22T07:00:00Z,5630,87,,15,PT4M5S,hd,false
2,Zo9o0jDB5Wo,DÃ¼nyAlem,Bu MezarlÄ±kta Herkes GÃ¼lÃ¼yor | Cimitirul Vesel #dÃ¼nyalem #romanya,"KanalÄ±mÄ±za  abone olmak iÃ§in tÄ±klayÄ±n: www.youtube.com/DunyAlemGezi
Bizi Ä°nstagram'dan takip edin : https://www.instagram.com/dunyalem.gezi/
Bizi TikTok'tan takip edin: https://www.tiktok.com/@dunyalemgezi
Bizi Twitter'dan takip edin: https://twitter.com/DunyAlemgezi","['dÃ¼nyalem', 'dÃ¼nya alem', 'dÃ¼nya alem gezi', 'iÅŸ fÄ±rsatlarÄ±', 'yurt dÄ±ÅŸÄ±nda eÄŸitim', 'yurt dÄ±ÅŸÄ± iÅŸ fÄ±rsatlarÄ±', 'gezi', 'dÃ¼nya turu', 'avrupa Ã¼lkeleri', 'en gÃ¼zel Ã¼lkeler', 'ahmet daÅŸtan', 'seyahat', 'macera', 'amazing', 'Romanyaâ€™da gezilecek yerler', 'NeÅŸeli mezarlÄ±k', 'Cimiturul Vesel', 'Pembe mezarlÄ±k', 'Ã–lÃ¼m Ã¶tesi hayat', 'Ä°lginÃ§ ritÃ¼eller', 'DÃ¼nyanÄ±n en ilginÃ§ yerleri', 'KÃ¼ltÃ¼r', 'En ilginÃ§ dini ritÃ¼eller', 'MÃ¼slÃ¼man olan insanlar', 'NasÄ±l MÃ¼slÃ¼man oldu', 'Travel', 'BÃ¼kreÅŸâ€™te gezilecek yerler']",2023-10-15T10:55:17Z,5567,136,,10,PT16M24S,hd,false
3,A0LuFTmcRlE,DÃ¼nyAlem,DÃ¼nyanÄ±n En GÃ¼zel Yolu | #TransfagaraÅŸan #dÃ¼nyalem #romanya,"KanalÄ±mÄ±za  abone olmak iÃ§in tÄ±klayÄ±n: www.youtube.com/DunyAlemGezi
Bizi Ä°nstagram'dan takip edin : https://www.instagram.com/dunyalem.gezi/
Bizi TikTok'tan takip edin: https://www.tiktok.com/@dunyalemgezi
Bizi Twitter'dan takip edin: https://twitter.com/DunyAlemgezi","['dÃ¼nyalem', 'dÃ¼nya alem', 'dÃ¼nya alem gezi', 'iÅŸ fÄ±rsatlarÄ±', 'yurt dÄ±ÅŸÄ±nda eÄŸitim', 'yurt dÄ±ÅŸÄ± iÅŸ fÄ±rsatlarÄ±', 'gezi', 'dÃ¼nya turu', 'avrupa Ã¼lkeleri', 'en gÃ¼zel Ã¼lkeler', 'ahmet daÅŸtan', 'seyahat', 'macera', 'amazing', 'Yol', 'Araba yarÄ±ÅŸlarÄ±', 'Formula1', 'TransfagaraÅŸan', 'Romania', 'Romanya', 'Pist', 'Grand pist']",2023-10-08T07:00:07Z,5424,130,,15,PT12M4S,hd,false
4,tur7F0frUyE,DÃ¼nyAlem,Ã–LMÃœÅ KIZI Ä°LE KONUÅAN BABA | IULIA HAÅDEU,"KanalÄ±mÄ±za  abone olmak iÃ§in tÄ±klayÄ±n: www.youtube.com/DunyAlemGezi
Bizi Ä°nstagram'dan takip edin : https://www.instagram.com/dunyalem.gezi/
Bizi TikTok'tan takip edin: https://www.tiktok.com/@dunyalemgezi
Bizi Twitter'dan takip edin: https://twitter.com/DunyAlemgezi","['dÃ¼nyalem', 'dÃ¼nya alem', 'dÃ¼nya alem gezi', 'iÅŸ fÄ±rsatlarÄ±', 'yurt dÄ±ÅŸÄ±nda eÄŸitim', 'yurt dÄ±ÅŸÄ± iÅŸ fÄ±rsatlarÄ±', 'gezi', 'dÃ¼nya turu', 'avrupa Ã¼lkeleri', 'en gÃ¼zel Ã¼lkeler', 'ahmet daÅŸtan', 'seyahat', 'macera', 'amazing', 'ruh', 'ruhlar alemi', 'ruh Ã§aÄŸÄ±rma', 'medium', 'Iulia Hasdeu', 'Metafizik', 'gerilim', 'korku', 'Cin Ã§aÄŸÄ±rma', 'Cin', 'ÃœÃ§ harfliler', 'Cin Ã§arpmasÄ±']",2023-10-01T07:00:32Z,527,30,,7,PT9M40S,hd,false
5,vV-ti3oqJ2U,DÃ¼nyAlem,BuharlÄ± Trenle Tarihe Yolculuk | Suceava #romanya #dÃ¼nyalem,"KanalÄ±mÄ±za  abone olmak iÃ§in tÄ±klayÄ±n: www.youtube.com/DunyAlemGezi
Bizi Ä°nstagram'dan takip edin : https://www.instagram.com/dunyalem.gezi/
Bizi TikTok'tan takip edin: https://www.tiktok.com/@dunyalemgezi
Bizi Twitter'dan takip edin: https://twitter.com/DunyAlemgezi","['dÃ¼nyalem', 'dÃ¼nya alem', 'dÃ¼nya alem gezi', 'iÅŸ fÄ±rsatlarÄ±', 'yurt dÄ±ÅŸÄ±nda eÄŸitim', 'yurt dÄ±ÅŸÄ± iÅŸ fÄ±rsatlarÄ±', 'gezi', 'dÃ¼nya turu', 'avrupa Ã¼lkeleri', 'en gÃ¼zel Ã¼lkeler', 'ahmet daÅŸtan', 'seyahat', 'macera', 'amazing', 'Suceava', 'OsmanlÄ±', 'Kanuni', 'Romanya', 'Romen kÄ±zlarÄ±', 'RomanyalÄ±', 'BuharlÄ± tren', 'Tren', 'Tarih', 'Tarihi yerler', 'Manzara', 'Karpat daÄŸlarÄ±']",2023-09-24T11:00:03Z,4008,40,,9,PT16M57S,hd,false
6,Yl1Ai6duKmc,DÃ¼nyAlem,"Ä°skoÃ§ya'nÄ±n yitiÄŸi ""CesuryÃ¼rek"" William Wallace | #londra #dÃ¼nyalem #braveheart","KanalÄ±mÄ±za  abone olmak iÃ§in tÄ±klayÄ±n: www.youtube.com/DunyAlemGezi
Bizi Ä°nstagram'dan takip edin : https://www.instagram.com/dunyalem.gezi/
Bizi TikTok'tan takip edin: https://www.tiktok.com/@dunyalemgezi
Bizi Twitter'dan takip edin: https://twitter.com/DunyAlemgezi","['dÃ¼nyalem', 'dÃ¼nya alem', 'dÃ¼nya alem gezi', 'iÅŸ fÄ±rsatlarÄ±', 'yurt dÄ±ÅŸÄ±nda eÄŸitim', 'yurt dÄ±ÅŸÄ± iÅŸ fÄ±rsatlarÄ±', 'gezi', 'dÃ¼nya turu', 'avrupa Ã¼lkeleri', 'en gÃ¼zel Ã¼lkeler', 'ahmet daÅŸtan', 'seyahat', 'macera', 'amazing', 'Ä°skoÃ§ya', 'braveheart', 'cesuryÃ¼rek', 'William Wallace', 'Mel Gibson', 'Ä°ngiltere', 'london', 'Londra', 'avrupa ÅŸehirleri', 'tarihi olaylar', 'ilginÃ§ bilgiler']",2023-09-17T07:00:13Z,1140,42,,19,PT5M7S,hd,false
7,8tpDD4k6n7k,DÃ¼nyAlem,Westminster MeydanÄ± | #londra #dÃ¼nyalem #bigben,"KanalÄ±mÄ±za  abone olmak iÃ§in tÄ±klayÄ±n: www.youtube.com/DunyAlemGezi
Bizi Ä°nstagram'dan takip edin : https://www.instagram.com/dunyalem.gezi/
Bizi TikTok'tan takip edin: https://www.tiktok.com/@dunyalemgezi
Bizi Twitter'dan takip edin: https://twitter.com/DunyAlemgezi","['dÃ¼nyalem', 'dÃ¼nya alem', 'dÃ¼nya alem gezi', 'iÅŸ fÄ±rsatlarÄ±', 'yurt dÄ±ÅŸÄ±nda eÄŸitim', 'yurt dÄ±ÅŸÄ± iÅŸ fÄ±rsatlarÄ±', 'gezi', 'dÃ¼nya turu', 'avrupa Ã¼lkeleri', 'en gÃ¼zel Ã¼lkeler', 'ahmet daÅŸtan', 'seyahat', 'macera', 'amazing']",2023-09-10T07:27:54Z,3223,24,,8,PT7M52S,hd,false
8,RUZl6fTlQMA,DÃ¼nyAlem,LONDRA GEZÄ°SÄ° | #dÃ¼nyalem #londra,"KanalÄ±mÄ±za  abone olmak iÃ§in tÄ±klayÄ±n: www.youtube.com/DunyAlemGezi
Bizi Ä°nstagram'dan takip edin : https://www.instagram.com/dunyalem.gezi/
Bizi TikTok'tan takip edin: https://www.tiktok.com/@dunyalemgezi
Bizi Twitter'dan takip edin: https://twitter.com/DunyAlemgezi","['dÃ¼nyalem', 'dÃ¼nya alem', 'dÃ¼nya alem gezi', 'iÅŸ fÄ±rsatlarÄ±', 'yurt dÄ±ÅŸÄ±nda eÄŸitim', 'yurt dÄ±ÅŸÄ± iÅŸ fÄ±rsatlarÄ±', 'gezi', 'dÃ¼nya turu', 'avrupa Ã¼lkeleri', 'en gÃ¼zel Ã¼lkeler', 'ahmet daÅŸtan', 'seyahat', 'macera', 'amazing']",2023-09-03T07:12:32Z,3761,50,,16,PT30M30S,hd,false
9,YLqwKdXVs_M,DÃ¼nyAlem,Ä°ngiltere'nin kaderini belirleyen Kargalar | Londra #dÃ¼nyalem,"KanalÄ±mÄ±za  abone olmak iÃ§in tÄ±klayÄ±n: www.youtube.com/DunyAlemGezi
Bizi Ä°nstagram'dan takip edin : https://www.instagram.com/dunyalem.gezi/
Bizi TikTok'tan takip edin: https://www.tiktok.com/@dunyalemgezi
Bizi Twitter'dan takip edin: https://twitter.com/DunyAlemgezi","['dÃ¼nyalem', 'dÃ¼nya alem', 'dÃ¼nya alem gezi', 'iÅŸ fÄ±rsatlarÄ±', 'yurt dÄ±ÅŸÄ±nda eÄŸitim', 'yurt dÄ±ÅŸÄ± iÅŸ fÄ±rsatlarÄ±', 'gezi', 'dÃ¼nya turu', 'avrupa Ã¼lkeleri', 'en gÃ¼zel Ã¼lkeler', 'ahmet daÅŸtan', 'seyahat', 'macera', 'amazing', 'Londraâ€™da gezilecek yerler', 'Ä°ngiltere', 'Kraliyet ailesi', 'Karga', 'KrallÄ±k', 'Greenwich', 'Greenwich gÃ¶zlem evi', 'Charles', 'Komik hikaye', 'Ä°lginÃ§ tarihi olaylar', 'Avrupa', 'Londra', 'London', 'Åehir gezisi', 'Åehir turlarÄ±', 'Avrupa ÅŸehirleri', 'Astronomi', 'London eye', 'London bridge']",2023-08-27T07:00:13Z,8424,66,,18,PT6M14S,hd,false
10,KxG26sQz72s,DÃ¼nyAlem,Londraâ€™da TÃ¼rk Ä°zleri   | #londra #Ã§anakkale #dÃ¼nyalem,"KanalÄ±mÄ±za  abone olmak iÃ§in tÄ±klayÄ±n: www.youtube.com/DunyAlemGezi
Bizi Ä°nstagram'dan takip edin : https://www.instagram.com/dunyalem.gezi/
Bizi TikTok'tan takip edin: https://www.tiktok.com/@dunyalemgezi
Bizi Twitter'dan takip edin: https://twitter.com/DunyAlemgezi","['dÃ¼nyalem', 'dÃ¼nya alem', 'dÃ¼nya alem gezi', 'iÅŸ fÄ±rsatlarÄ±', 'yurt dÄ±ÅŸÄ±nda eÄŸitim', 'yurt dÄ±ÅŸÄ± iÅŸ fÄ±rsatlarÄ±', 'gezi', 'dÃ¼nya turu', 'avrupa Ã¼lkeleri', 'en gÃ¼zel Ã¼lkeler', 'ahmet daÅŸtan', 'seyahat', 'macera', 'amazing', 'Tarihi olaylar', 'Ã‡anakkale SavaÅŸÄ±', 'Birinci DÃ¼nya SavaÅŸÄ±', 'Londra', 'Londraâ€™da gezilecek yerler', 'London', 'Asker', 'Åehit', 'OsmanlÄ±', 'TÃ¼rk', 'Gelibolu cephesi', 'Anzaklar', 'Commonwealth', 'Ä°ngilizler', 'Ã‡Ä±lgÄ±n TÃ¼rkler', '1. dÃ¼nya savaÅŸÄ±', 'War', 'Ã‡anakkale anÄ±tlarÄ±']",2023-08-20T07:00:14Z,5453,40,,12,PT5M48S,hd,false
11,m46--SWiU0Y,DÃ¼nyAlem,"Ã–NCE HAÄ°N, SONRA KAHRAMAN Ä°LAN EDÄ°LEN ASKERLERÄ°N HÄ°KAYESÄ° | Londra #londra #asker #war","Ã–NCE HAÄ°N, SONRA KAHRAMAN Ä°LAN EDÄ°LEN ASKERLERÄ°N HÄ°KAYESÄ° | Londra #londra #asker #war 
KanalÄ±mÄ±za  abone olmak iÃ§in tÄ±klayÄ±n: www.youtube.com/DunyAlemGezi
Bizi Ä°nstagram'dan takip edin : https://www.instagram.com/dunyalem.gezi/
Bizi TikTok'tan takip edin: https://www.tiktok.com/@dunyalemgezi
Bizi Twitter'dan takip edin: https://twitter.com/DunyAlemgezi
#Havatopcubirligi #dÃ¼nyalem #londra","['dÃ¼nyalem', 'dÃ¼nya alem', 'dÃ¼nya alem gezi', 'iÅŸ fÄ±rsatlarÄ±', 'yurt dÄ±ÅŸÄ±nda eÄŸitim', 'yurt dÄ±ÅŸÄ± iÅŸ fÄ±rsatlarÄ±', 'gezi', 'dÃ¼nya turu', 'avrupa Ã¼lkeleri', 'en gÃ¼zel Ã¼lkeler', 'ahmet daÅŸtan', 'seyahat', 'macera', 'amazing', 'Londra', 'London', 'England', 'Uk', 'TopÃ§u birliÄŸi anÄ±tÄ±', 'Londraâ€™da gezilecek yerler', 'Tarih', 'Churchle', 'Ä°kinci DÃ¼nya SavaÅŸÄ±', 'Hitler', 'Almanya', 'Ä°ngiltere', 'YurtdÄ±ÅŸÄ±', 'Avrupa ÅŸehirleri', 'Tarihi olaylar']",2023-08-13T07:12:12Z,5613,50,,12,PT7M48S,hd,false
12,u_rynppRnM8,DÃ¼nyAlem,SavaÅŸtaki Hayvanlar | Londra,#londra #animals #hayvanseverler #war SavaÅŸlarda sadece insanlar deÄŸil hayvanlar da Ã¶lÃ¼yor. OnlarÄ±n anasÄ±nÄ± yapÄ±lmÄ±ÅŸ Londraâ€™nÄ±n gÃ¶beÄŸinde ï¿¼Ã§ok anlamlÄ± bir anÄ±t.,"['Hayvan', 'Animal', 'Hayvanseverler', 'Hayvansever', 'Hayvan haklarÄ±', 'Evcil hayvan', 'At', 'SavaÅŸ', 'SavaÅŸdaki hayvanlar', 'Londra', 'London', 'Ä°ngiltere', 'England', 'Hyde park', 'Avrupa ÅŸehirleri', 'Londraâ€™da gezilecek yerler', 'Hayvanlar AnÄ±tÄ±', 'Travel', 'Gezi', 'YurtdÄ±ÅŸÄ±', 'Ä°kinci DÃ¼nya SavaÅŸÄ±', 'Ä°ngiliz kraliyet ailesi', 'Hayvan sevgisi', 'DÃ¼nyAlem', 'DÃ¼nya alem', 'Ahmet DaÅŸtan', 'Tarih', 'Tarihi olaylar']",2023-08-06T07:00:30Z,3932,39,,6,PT2M9S,hd,false
13,0bk--n32tcI,DÃ¼nyAlem,"Ä°lk OsmanlÄ± niÅŸanÄ±nÄ± alan ""Denizlerin Efendisi"" AMÄ°RAL NELSON | Trafalgar MeydanÄ± | #Londra","KanalÄ±mÄ±za  abone olmak iÃ§in tÄ±klayÄ±n: www.youtube.com/DunyAlemGezi
Bizi Ä°nstagram'dan takip edin : https://www.instagram.com/dunyalem.gezi/
Bizi TikTok'tan takip edin: https://www.tiktok.com/@dunyalemgezi
Bizi Twitter'dan takip edin: https://twitter.com/DunyAlemgezi
#amiralnelson #londra #dunyalem
#horationelson #uk #osmanlÄ± #ingiliz #trafalgarsquare #trafalgarlaw #queen #greatbritain","['dÃ¼nyalem', 'dÃ¼nya alem', 'dÃ¼nya alem gezi', 'iÅŸ fÄ±rsatlarÄ±', 'yurt dÄ±ÅŸÄ±nda eÄŸitim', 'yurt dÄ±ÅŸÄ± iÅŸ fÄ±rsatlarÄ±', 'gezi', 'dÃ¼nya turu', 'avrupa Ã¼lkeleri', 'en gÃ¼zel Ã¼lkeler', 'ahmet daÅŸtan', 'seyahat', 'macera', 'amazing']",2023-07-30T07:00:01Z,4673,38,,11,PT5M29S,hd,false
14,Is66wnBkINA,DÃ¼nyAlem,Ã–zgÃ¼r TartÄ±ÅŸmalarÄ±n Kalbi: Speakerâ€™s Corner | London,"KanalÄ±mÄ±za  abone olmak iÃ§in tÄ±klayÄ±n: www.youtube.com/DunyAlemGezi
Bizi Ä°nstagram'dan takip edin : https://www.instagram.com/dunyalem.gezi/
Bizi TikTok'tan takip edin: https://www.tiktok.com/@dunyalemgezi
Bizi Twitter'dan takip edin: https://twitter.com/DunyAlemgezi","['dÃ¼nyalem', 'dÃ¼nya alem', 'dÃ¼nya alem gezi', 'iÅŸ fÄ±rsatlarÄ±', 'yurt dÄ±ÅŸÄ±nda eÄŸitim', 'yurt dÄ±ÅŸÄ± iÅŸ fÄ±rsatlarÄ±', 'gezi', 'dÃ¼nya turu', 'avrupa Ã¼lkeleri', 'en gÃ¼zel Ã¼lkeler', 'ahmet daÅŸtan', 'seyahat', 'macera', 'amazing', 'Londra', 'London', 'speakerâ€™s corner', 'Tek yol devrim', 'Devrim', 'Protesto', 'Eylem', 'GÃ¶steri', 'Demokrasi', 'Ã–zgÃ¼r dÃ¼ÅŸÃ¼nce', 'DÃ¼ÅŸÃ¼nce Ã¶zgÃ¼rlÃ¼ÄŸÃ¼', 'Protesto hakkÄ±', 'Hyde Park', 'Ä°ngiltere', 'United Kingdom', 'Ä°lginÃ§ bilgiler', 'Tarihi gerÃ§ekler', 'Kral Charles', 'KraliÃ§e Elizabeth', 'Londra gezisi', 'Londraâ€™da gezilecek yerler']",2023-07-16T12:00:26Z,8219,49,,7,PT4M48S,hd,false
15,OE7WzOdKdZI,DÃ¼nyAlem,Bulgarlar TÃ¼rk mÃ¼?,"#Bulgaristan #Åumnu #ÅŸÃ¼men 

KanalÄ±mÄ±za  abone olmak iÃ§in tÄ±klayÄ±n: www.youtube.com/DunyAlemGezi
Bizi Ä°nstagram'dan takip edin : https://www.instagram.com/dunyalem.gezi/
Bizi TikTok'tan takip edin: https://www.tiktok.com/@dunyalemgezi
Bizi Twitter'dan takip edin: https://twitter.com/DunyAlemgezi","['dÃ¼nyalem', 'dÃ¼nya alem', 'dÃ¼nya alem gezi', 'iÅŸ fÄ±rsatlarÄ±', 'yurt dÄ±ÅŸÄ±nda eÄŸitim', 'yurt dÄ±ÅŸÄ± iÅŸ fÄ±rsatlarÄ±', 'gezi', 'dÃ¼nya turu', 'avrupa Ã¼lkeleri', 'en gÃ¼zel Ã¼lkeler', 'ahmet daÅŸtan', 'seyahat', 'macera', 'amazing', 'Bulgaristan', 'Bulgarlar tÃ¼rk mÃ¼?', 'Åumnu', 'ÅÃ¼men']",2023-06-11T15:13:06Z,7850,179,,40,PT15M24S,hd,false
16,_Z6gqSAil8Y,DÃ¼nyAlem,SavaÅŸÄ±n Ãœlkesi Ukrayna #ukrayna #Odessa #dÃ¼nyalem,"SavaÅŸ tÃ¼m hÄ±zÄ±yla devam etmesine raÄŸmen Ukrayna Odessaâ€™ya gittik. SavaÅŸa raÄŸmen insanlar gÃ¼nlÃ¼k hayatlarÄ±nda. Hem OdessayÄ± hem de Ukrayna halkÄ±nÄ±n savaÅŸ tramvasÄ±nÄ± bu videodan izleyebilirsiniz. ï¿¼

KanalÄ±mÄ±za  abone olmak iÃ§in tÄ±klayÄ±n: www.youtube.com/DunyAlemGezi
Bizi Ä°nstagram'dan takip edin : https://www.instagram.com/dunyalem.gezi/
Bizi TikTok'tan takip edin: https://www.tiktok.com/@dunyalemgezi
Bizi Twitter'dan takip edin: https://twitter.com/DunyAlemgezi","['dÃ¼nyalem', 'dÃ¼nya alem', 'dÃ¼nya alem gezi', 'iÅŸ fÄ±rsatlarÄ±', 'yurt dÄ±ÅŸÄ±nda eÄŸitim', 'yurt dÄ±ÅŸÄ± iÅŸ fÄ±rsatlarÄ±', 'gezi', 'dÃ¼nya turu', 'avrupa Ã¼lkeleri', 'en gÃ¼zel Ã¼lkeler', 'ahmet daÅŸtan', 'seyahat', 'macera', 'amazing', 'Ukrayna', 'Ukraina', 'Ukraine', 'War', 'Rus', 'Ukrayna Rusya SavaÅŸÄ±', 'Zelensky', 'Bayraktar', 'Ä°ha', 'Siha', 'Karadeniz', 'Ahmet DaÅŸtan']",2023-05-21T11:31:23Z,5312,66,,10,PT10M26S,hd,false
17,eKGyxVEWJXc,DÃ¼nyAlem,Ã–zgÃ¼rlÃ¼kler Åehri AMSTERDAM #avrupa #amsterdam #dÃ¼nyalem,"Mimarisiyle kanallarÄ±yla muhteÅŸem bir ÅŸehir. Ailecek tatile gidebileceÄŸiniz en gÃ¼zel Avrupa ÅŸehirlerinden bir tanesi. ï¿¼ Bir gÃ¼nde gezilecek yerleri size gÃ¶stermeye Ã§alÄ±ÅŸtÄ±k. Bizim kullandÄ±ÄŸÄ±mÄ±z rotayÄ± kullanabilirsiniz. 
Ã–zgÃ¼rlÃ¼kler Åehri AMSTERDAM #avrupa #amsterdam #dÃ¼nyalemï¿¼","['#amsterdam', 'Amsterdam gezi rehberi', 'Amsterdamâ€™da yapÄ±lacak ÅŸeyler', 'Amsterdamâ€™da gezilecek yerler', 'Hollanda', 'Amsterdam travel guide', 'What to do in Amsterdam?', 'Avrupa ÅŸehirleri', 'YurtdÄ±ÅŸÄ±nda eÄŸitim', 'Ahmet DaÅŸtan', 'DÃ¼nyalem', 'Gezi', 'Seyahat', 'DÃ¼nya turu', 'YurtdÄ±ÅŸÄ± iÅŸ imkanlarÄ±', 'Ekonomi', 'Hollandaâ€™da ne yenir?', 'Gezi rehberi', 'Travel', 'Gezi ve eÄŸlence', 'En gÃ¼zel Avrupa ÅŸehirleri', 'Amsterdamâ€™da ne yenir?', 'Avrupaâ€™daki TÃ¼rkler', 'Amsterdam gezilecek yerler', 'Hollanda mutfaÄŸÄ±', 'Amsterdam neyi ile meÅŸhur?']",2023-03-26T07:00:25Z,7351,83,,9,PT11M55S,hd,false
18,1dVv8kchh70,DÃ¼nyAlem,TAVUK BACAÄI Ã‡ORBASI / Endenozya Sokak Yemekleri,"Endonezya; Hint ve Pasifik okyanuslarÄ± arasÄ±nda, GÃ¼neydoÄŸu Asya ve Okyanusyaâ€™da topraklarÄ± olan dÃ¼nyanÄ±n en bÃ¼yÃ¼k ada Ã¼lkesi.  Ãœlkede 17 bini aÅŸkÄ±n ada var. TÃ¼m Endonezyaâ€™da 7 bin civarÄ±nda dil konuÅŸuluyor.  DolayÄ±sÄ±yla geniÅŸ bir kÃ¼ltÃ¼rel Ã§eÅŸitlilik var.  Sadece kÃ¼ltÃ¼rel Ã§eÅŸitlilik deÄŸil dÃ¼nyanÄ±n en zengin fauna ve flora bÃ¶lgeleri de burada.  Hem kÃ¼ltÃ¼rel Ã§eÅŸitlilik hem doÄŸa Endonezya mutfaÄŸÄ±nÄ± eÅŸsiz kÄ±lÄ±yor.
Endonezyaâ€™da Sokak yemeklerini her kÃ¶ÅŸe baÅŸÄ±nda gÃ¶rmeniz mÃ¼mkÃ¼n. Bu, ÅŸehrin doÄŸal bir gÃ¶rÃ¼ntÃ¼sÃ¼ adetaâ€¦
Sokaklarda yemek satanlar, yemeklerini sabahÄ±n erken saatlerinde hazÄ±rlamaya baÅŸlÄ±yorlar. 
Ã–zel ÅŸirketlerde, kamu kurumlarÄ±nda Ã§alÄ±ÅŸanlar, Ã¶ÄŸrenciler neredeyse tÃ¼m EndonezyalÄ±lar bu tezgahlarÄ±n baÅŸÄ±nda soluÄŸu alÄ±yor.  Ã–yle ki bazen iÅŸten Ã§Ä±kanlar da evlerine gitmeden yemeklerini bir sokakta yiyip Ã¶yle evlerine gidiyorlar.
Yolunuz buraya dÃ¼ÅŸerse;  Ya Ã§adÄ±r altlarÄ±nda ya da aÃ§Ä±k alanlarda kurulan tezgahlarda sokak yemeklerinin tadÄ±na bakabilirsiniz. 
Bu videoda Endonezyaâ€™da sokak yemekleri avÄ±n Ã§Ä±ktÄ±k. 
YapÄ±mÄ± Ã§ok zahmetli ve Ã¶zel olduÄŸu iÃ§in Rendang yemeÄŸi sokakta yapÄ±lmÄ±yor. 
Ä°ki kez dÃ¼nyanÄ±n en iyi yemeÄŸi seÃ§ilen Hindistan cevizi sÃ¼tÃ¼yle piÅŸirilen et olan Rendang Kambing yemeÄŸi iÃ§in baÅŸka bir mekÃ¢na gittik.
GÃ¶rÃ¼ntÃ¼ ne kadar yansÄ±tÄ±r bu lezzeti bilmem ama yolunuz dÃ¼ÅŸerse yemeden gitmeyin derim.
Yemesi bizden izlemesi sizden  :)
#Endonezya #SokakYemekleri #DÃ¼nyAlem
KanalÄ±mÄ±za  abone olmak iÃ§in tÄ±klayÄ±n: www.youtube.com/DunyAlemGezi
Bizi Ä°nstagram'dan takip edin : https://www.instagram.com/dunyalem.gezi/
Bizi TikTok'tan takip edin: https://www.tiktok.com/@dunyalemgezi
Bizi Twitter'dan takip edin: https://twitter.com/DunyAlemgezi","['dÃ¼nyalem', 'dÃ¼nya alem', 'dÃ¼nya alem gezi', 'iÅŸ fÄ±rsatlarÄ±', 'yurt dÄ±ÅŸÄ±nda eÄŸitim', 'yurt dÄ±ÅŸÄ± iÅŸ fÄ±rsatlarÄ±', 'gezi', 'dÃ¼nya turu', 'avrupa Ã¼lkeleri', 'en gÃ¼zel Ã¼lkeler', 'ahmet daÅŸtan', 'seyahat', 'macera', 'amazing']",2023-03-12T07:00:00Z,523,25,,3,PT4M26S,hd,false
19,M6SRMdXf-mU,DÃ¼nyAlem,Ä°Ã§inden Tren GeÃ§en Pazar - Bazaar With Train Passing Through #tayland #dÃ¼nyalem #bazaar,"ï¿¼DÃ¼nyada gÃ¶rebileceÄŸiniz en ilginÃ§ pazarlardan birisi. PazarÄ±n ortasÄ±ndan tren geÃ§iyor. Ä°nsanlar raylarÄ±n Ã¼zerine satacaklarÄ± ÅŸeyleri koyuyorlar. Tren gelmeden 1 dakika Ã¶nce topluyorlar, tren geÃ§tikten sonra 1 dakika iÃ§erisinde tekrar geri koyuyorlar. Treni beklerken pazarÄ±n keyfini Ã§Ä±karabilirsiniz. Envayi Ã§eÅŸit kurutulmuÅŸ balÄ±k var. Ã‡ok lezzetli tropikal meyvelerden yiyebilirsiniz . 

It is one of the most interesting markets you can see in the world.  The train passes through the middle of the market.  People put things to sell on the rails.  They collect it 1 minute before the train arrives, and put it back within 1 minute after the train passes.  You can enjoy the market while waiting for the train.  There are many kinds of dried fish.  You can eat very delicious tropical fruits. 

Market With Train Passing Through
 ï¿¼KanalÄ±mÄ±za  abone olmak iÃ§in tÄ±klayÄ±n: www.youtube.com/DunyAlemGezi
Bizi Ä°nstagram'dan takip edin : https://www.instagram.com/dunyalem.gezi/
Bizi TikTok'tan takip edin: https://www.tiktok.com/@dunyalemgezi
Bizi Twitter'dan takip edin: https://twitter.com/DunyAlemgezi","['dÃ¼nyalem', 'dÃ¼nya alem', 'dÃ¼nya alem gezi', 'iÅŸ fÄ±rsatlarÄ±', 'yurt dÄ±ÅŸÄ±nda eÄŸitim', 'yurt dÄ±ÅŸÄ± iÅŸ fÄ±rsatlarÄ±', 'gezi', 'dÃ¼nya turu', 'avrupa Ã¼lkeleri', 'en gÃ¼zel Ã¼lkeler', 'ahmet daÅŸtan', 'seyahat', 'macera', 'amazing', 'durian meyvesi nasÄ±l yenir?', 'Tropikal meyveler', 'Budizm', 'Taylandâ€™a nasÄ±l gidilir', 'Tayland masajÄ±', 'Tayland dizileri', 'Budist', 'Buda', 'Bangkok', 'tren', 'trenpazarÄ±', 'iÃ§inden tren geÃ§en pazar', 'Tropical']",2023-03-02T15:14:14Z,14258,88,,10,PT11M21S,hd,false
20,9v89KqBWCqY,DÃ¼nyAlem,DÃ¼nyanÄ±n en etkili dÃ¶vÃ¼ÅŸ sporu: Muay Tihai |Tayland,"Muay Thai nasÄ±l yapÄ±lÄ±r?
DÃ¼nyanÄ±n En Etkili DÃ¶vÃ¼ÅŸ Sporu: Muay Thai |Tayland

Muay Thai (Tayca: à¸¡à¸§à¸¢à¹„à¸—à¸¢), Tayland'da ortaya Ã§Ä±kan ve Ã¶zgÃ¼n adÄ± Muay Thai olan dÃ¶vÃ¼ÅŸ sporu. Tayland Boksu da denir. BaÅŸta Tayland olmak Ã¼zere Myanmar (eski adÄ± ile Burma), KamboÃ§ya, Laos gibi GÃ¼neydoÄŸu Asya Ã¼lkelerinde uygulanÄ±r. Yumruk, diz, dirsek ve tekmelerin kullanÄ±ldÄ±ÄŸÄ± oldukÃ§a sert bir dÃ¶vÃ¼ÅŸ sanatÄ±dÄ±r.

KanalÄ±mÄ±za  abone olmak iÃ§in tÄ±klayÄ±n: www.youtube.com/DunyAlemGezi
Bizi Ä°nstagram'dan takip edin : https://www.instagram.com/dunyalem.gezi/
Bizi TikTok'tan takip edin: https://www.tiktok.com/@dunyalemgezi
Bizi Twitter'dan takip edin: https://twitter.com/DunyAlemgezi","['dÃ¼nyalem', 'dÃ¼nya alem', 'dÃ¼nya alem gezi', 'iÅŸ fÄ±rsatlarÄ±', 'yurt dÄ±ÅŸÄ±nda eÄŸitim', 'yurt dÄ±ÅŸÄ± iÅŸ fÄ±rsatlarÄ±', 'gezi', 'dÃ¼nya turu', 'avrupa Ã¼lkeleri', 'en gÃ¼zel Ã¼lkeler', 'ahmet daÅŸtan', 'seyahat', 'macera', 'amazing', 'tayland', 'muay thai training', 'muay thai vs kickboxing', 'fight', 'the box', 'black adam', 'fighter', 'boks', 'kavga', 'kafes dÃ¶vÃ¼ÅŸleri', 'kick boks', 'boks haber', 'boks maÃ§Ä±', 'boks eÄŸitimi', 'KESFET', 'KESFETTEYIZ', 'YOUTUBE', 'YOUTUBESHORT']",2023-01-12T15:23:17Z,12340,58,,8,PT14M13S,hd,false
21,FgvPAMia09c,DÃ¼nyAlem,1100 ODALI DÄ°PLAMASIZ DÄ°KTATÃ–RÃœN Ä°BRETLÄ°K SONU #Ã§avuÅŸesku #keÅŸfet #dunyalem #dictator #romania,,,2022-12-26T05:55:44Z,703,36,,5,PT1M,hd,false
22,dNqOMhA-Cxg,DÃ¼nyAlem,1100 OdalÄ± Saray Sahibi DiplomasÄ±z DiktatÃ¶r Ã‡avuÅŸesku #ahmetdastan #Ã§avuÅŸesku #ceausescu #dictator,"1100 OdalÄ± Saray Sahibi DiplomasÄ±z DiktatÃ¶rÃ¼n Feci Sonu #Ã§avuÅŸesku #ceausescu #dictator #romania

KanalÄ±mÄ±za  abone olmak iÃ§in tÄ±klayÄ±n: www.youtube.com/DunyAlemGezi
Bizi Ä°nstagram'dan takip edin : https://www.instagram.com/dunyalem.gezi/
Bizi TikTok'tan takip edin: https://www.tiktok.com/@dunyalemgezi
Bizi Twitter'dan takip edin: https://twitter.com/DunyAlemgezi","['dÃ¼nyalem', 'dÃ¼nya alem', 'dÃ¼nya alem gezi', 'iÅŸ fÄ±rsatlarÄ±', 'yurt dÄ±ÅŸÄ±nda eÄŸitim', 'yurt dÄ±ÅŸÄ± iÅŸ fÄ±rsatlarÄ±', 'gezi', 'dÃ¼nya turu', 'avrupa Ã¼lkeleri', 'en gÃ¼zel Ã¼lkeler', 'ahmet daÅŸtan', 'seyahat', 'macera', 'amazing', 'Romanya', 'Romania', 'Dictator', 'DiktatÃ¶r', 'Aksaray', 'Communism', 'Ã‡avuÅŸesku kurÅŸuna dizilme anÄ±', 'diktatÃ¶r', 'KaÃ§ak saray', 'ErdoÄŸan', 'Siyasal islam']",2022-12-22T14:35:42Z,18108,248,,37,PT11M40S,hd,false
23,RW5-H__ewtU,DÃ¼nyAlem,Kutsal Roma ve ParanÄ±n BaÅŸkenti FRANKFURT #Avrupa #noel #keÅŸfet #ahmetdastan,"Kutsal Roma ve ParanÄ±n BaÅŸkenti FRANKFURT #Avrupa #noel #keÅŸfet #ahmetdastan 
KanalÄ±mÄ±za  abone olmak iÃ§in tÄ±klayÄ±n: www.youtube.com/DunyAlemGezi
Bizi Ä°nstagram'dan takip edin : https://www.instagram.com/dunyalem.gezi/
Bizi TikTok'tan takip edin: https://www.tiktok.com/@dunyalemgezi
Bizi Twitter'dan takip edin: https://twitter.com/DunyAlemgezi","['dÃ¼nyalem', 'dÃ¼nya alem', 'dÃ¼nya alem gezi', 'iÅŸ fÄ±rsatlarÄ±', 'yurt dÄ±ÅŸÄ±nda eÄŸitim', 'yurt dÄ±ÅŸÄ± iÅŸ fÄ±rsatlarÄ±', 'gezi', 'dÃ¼nya turu', 'avrupa Ã¼lkeleri', 'en gÃ¼zel Ã¼lkeler', 'ahmet daÅŸtan', 'seyahat', 'macera', 'amazing', 'avrupa', 'noel', 'Roma', 'YÄ±lbaÅŸÄ± aÄŸacÄ± nasÄ±l sÃ¼slenir', 'Frankfurt', 'Avrupa ÅŸehirleri']",2022-12-20T14:36:02Z,2059,43,,6,PT19M21S,hd,false
24,5YlRirJWBRI,DÃ¼nyAlem,"Tayland Tropikal Meyve PazarÄ±.Meyvelerin KralÄ±, KrallarÄ±n Meyvesi DÃ¼ryan #tropicalmeyve #ahmetdastan","Tayland Tropikal Meyve PazarÄ±. Meyvelerin KralÄ±, KrallarÄ±n Meyvesi DÃ¼ryan. 
#tropicalmeyve #ahmetdastan #dÃ¼nyalem#tayland
04:57 Bu meyve laÄŸÄ±m gibi kokuyor ama lezzeti mÃ¼thiÅŸ: DÃ¼ryan

Tayland Meyve PazarÄ±
KanalÄ±mÄ±za  abone olmak iÃ§in tÄ±klayÄ±n: www.youtube.com/DunyAlemGezi
Bizi Ä°nstagram'dan takip edin : https://www.instagram.com/dunyalem.gezi/
Bizi TikTok'tan takip edin: https://www.tiktok.com/@dunyalemgezi
Bizi Twitter'dan takip edin: https://twitter.com/DunyAlemgezi","['dÃ¼nyalem', 'dÃ¼nya alem', 'dÃ¼nya alem gezi', 'iÅŸ fÄ±rsatlarÄ±', 'yurt dÄ±ÅŸÄ±nda eÄŸitim', 'yurt dÄ±ÅŸÄ± iÅŸ fÄ±rsatlarÄ±', 'gezi', 'dÃ¼nya turu', 'avrupa Ã¼lkeleri', 'en gÃ¼zel Ã¼lkeler', 'ahmet daÅŸtan', 'seyahat', 'macera', 'amazing', 'tayland', 'tropikal meyve', 'ekzotik meyveler', 'mango', 'duryan', 'meyve salatasÄ± 3', 'meyve salatasÄ± tarifi', 'tropikal meyveleri denedim', 'tropikal meyveler nasÄ±l yenir', 'tropik meyveler', 'mangus', 'tayland gece hayatÄ±', 'tayland gezisi', 'tayland masajÄ±']",2022-12-14T18:08:49Z,10065,84,,7,PT7M22S,hd,false
25,KUhhvNS-sHI,DÃ¼nyAlem,AltÄ±n Budaâ€™lar Åehri BANGKOK #youtubeshorts #dÃ¼nyalem #ahmetdastan,"AltÄ±n Budaâ€™lar Åehri BANGKOK #youtubeshorts #dÃ¼nyalem #ahmetdastan


KanalÄ±mÄ±za  abone olmak iÃ§in tÄ±klayÄ±n: www.youtube.com/DunyAlemGezi
Bizi Ä°nstagram'dan takip edin : https://www.instagram.com/dunyalem.gezi/
Bizi TikTok'tan takip edin: https://www.tiktok.com/@dunyalemgezi
Bizi Twitter'dan takip edin: https://twitter.com/DunyAlemgezi","['dÃ¼nyalem', 'dÃ¼nya alem', 'dÃ¼nya alem gezi', 'iÅŸ fÄ±rsatlarÄ±', 'yurt dÄ±ÅŸÄ±nda eÄŸitim', 'yurt dÄ±ÅŸÄ± iÅŸ fÄ±rsatlarÄ±', 'gezi', 'dÃ¼nya turu', 'avrupa Ã¼lkeleri', 'en gÃ¼zel Ã¼lkeler', 'ahmet daÅŸtan', 'seyahat', 'macera', 'amazing', 'Bangkok', 'Buda', 'Budist', 'Tayland dizileri', 'Tayland masajÄ±', 'Taylandâ€™a nasÄ±l gidilir', 'Budizm', 'Budizm Ã¶ÄŸretileri', 'Budizm belgeseli', 'DÃ¼ryan meyvesi', 'Ejder meyvesi', 'Tropikal meyveler', 'Ejder meyvesi nasÄ±l yenir?']",2022-11-27T06:57:06Z,9750,67,,9,PT24M1S,hd,false
26,2kbEzePDNNM,DÃ¼nyAlem,Almanyaâ€™nÄ±n Ã‡atÄ±sÄ±na Ã‡Ä±ktÄ±kâ€¦ (Zugspitze)   #almanya #alps #ahmetdastan,"GÃ¼neÅŸe yakÄ±n gÃ¶l manzaralÄ± harika bir zirveï¿¼. Gitmeden Ã¶nce hava durumuna mutlaka bakÄ±nÄ±zï¿¼. HavanÄ±n gÃ¼neÅŸli olmasÄ± Ã¶nemliï¿¼. Zirvede yemek yiyeceÄŸiniz kahve iÃ§eceÄŸimiz Ã§ok gÃ¼zel mekanlar bulunmaktaï¿¼. Ã–zellikle Almanya tarafÄ± Ã§ok modern yapÄ±lmÄ±ÅŸ. Almanyaâ€™nÄ±n En YÃ¼ksek Zirvesine Yolculuk (Zugspitze) #almanya #alps #ahmetdastan 

KanalÄ±mÄ±za  abone olmak iÃ§in tÄ±klayÄ±n: www.youtube.com/DunyAlemGezi
Bizi Ä°nstagram'dan takip edin : https://www.instagram.com/dunyalem.gezi/
Bizi TikTok'tan takip edin: https://www.tiktok.com/@dunyalemgezi
Bizi Twitter'dan takip edin: https://twitter.com/DunyAlemgezi","['dÃ¼nyalem', 'dÃ¼nya alem', 'dÃ¼nya alem gezi', 'iÅŸ fÄ±rsatlarÄ±', 'yurt dÄ±ÅŸÄ±nda eÄŸitim', 'yurt dÄ±ÅŸÄ± iÅŸ fÄ±rsatlarÄ±', 'gezi', 'dÃ¼nya turu', 'avrupa Ã¼lkeleri', 'en gÃ¼zel Ã¼lkeler', 'ahmet daÅŸtan', 'seyahat', 'macera', 'amazing', 'Zugspitze cross', 'Zugspitze climb', 'Zugspitze tickets', 'Avrupaâ€™nÄ±n en yÃ¼ksek daÄŸÄ±', 'DaÄŸcÄ±', 'DaÄŸ kampÄ±', 'DaÄŸÄ±n zirvesi', 'Alp daÄŸlarÄ±', 'Almanyaâ€™nÄ±n en yÃ¼ksek daÄŸÄ±', 'Alp daÄŸlarÄ± nerede', 'Almanya', 'Avusturya', 'Alps', 'Alps mountans', 'Almanyaâ€™da gezilecek yerler', 'DagcÄ±lÄ±k', 'Yurt dÄ±ÅŸÄ±']",2022-11-13T06:59:15Z,11464,165,,32,PT20M34S,hd,false
27,Qc7KSWuMzd4,DÃ¼nyAlem,AtatÃ¼rkâ€™Ã¼n hiÃ§ duymadÄ±ÄŸÄ±nÄ±z anÄ±sÄ±. â€œAdalet mÃ¼lkÃ¼n temelidirâ€ dediÄŸi yer. #youtubeshorts #keÅŸfet,,,2022-11-07T19:35:20Z,1001,34,,2,PT1M,hd,false
28,ji7ogvgLbBA,DÃ¼nyAlem,Almanyaâ€™nÄ±n GÃ¶beÄŸinde EminÃ¶nÃ¼ BalÄ±k-Ekmek Teknesi (Frankfurt) @DunyAlem,"Ä°rili ufaklÄ± Almanyaâ€™daki on binlerce TÃ¼rk iÅŸletmelerinden birini ziyaret ettik. Sadece Almanyaâ€™da deÄŸil dÃ¼nyada meÅŸhur olmuÅŸ bir iÅŸletme. Ä°nsanÄ±mÄ±z Almanyaâ€™ya Ã§ok ÅŸey gÃ¶tÃ¼rmÃ¼ÅŸ kÃ¼ltÃ¼rÃ¼mÃ¼zden fakat Ä°stanbul balÄ±k ekmeÄŸi hiÃ§ tahmin etmemiÅŸtik.
Ramis Meral'in 20 yÄ±lda dÃ¼nyaca meÅŸhur baÅŸarÄ± Ã¶ykÃ¼sÃ¼ ise, gerÃ§ekten gÃ¶rÃ¼lmeye deÄŸer...

Almanyaâ€™nÄ±n GÃ¶beÄŸinde EminÃ¶nÃ¼ BalÄ±k-Ekmek Teknesi (Frankfurt)

KanalÄ±mÄ±za  abone olmak iÃ§in tÄ±klayÄ±n: www.youtube.com/DunyAlemGezi
Bizi Ä°nstagram'dan takip edin : https://www.instagram.com/dunyalem.gezi/
Bizi TikTok'tan takip edin: https://www.tiktok.com/@dunyalemgezi
Bizi Twitter'dan takip edin: https://twitter.com/DunyAlemgezi

#gezi #keÅŸfet #dunyalem","['dÃ¼nyalem', 'dÃ¼nya alem', 'dÃ¼nya alem gezi', 'iÅŸ fÄ±rsatlarÄ±', 'yurt dÄ±ÅŸÄ±nda eÄŸitim', 'yurt dÄ±ÅŸÄ± iÅŸ fÄ±rsatlarÄ±', 'gezi', 'dÃ¼nya turu', 'avrupa Ã¼lkeleri', 'en gÃ¼zel Ã¼lkeler', 'ahmet daÅŸtan', 'seyahat', 'macera', 'amazing', 'istanbul balÄ±k ekmek', 'istanbul', 'frankfurt', 'almanya', 'gurbetcÄ±', 'iÅŸadamÄ±', 'lezzet', 'sokak yemeklerÄ±', 'seyyar lezzetler', 'balÄ±k ekmek teknesi', 'eminÃ¶nÃ¼', 'Ramiz dayÄ±', 'Frankfurt', 'Tarihi EminÃ¶nÃ¼ BalÄ±k Ekmek']",2022-10-30T10:12:14Z,12292,214,,31,PT20M31S,hd,false
29,VMMxLHrmv04,DÃ¼nyAlem,"KralÄ± dize getiren deÄŸirmenci, ""Berlin'de hakimler var!""  (Berlin)   #adalet #atatÃ¼rk #dÃ¼nyalem","â€œBerlinâ€™de hÃ¢kimler varâ€ ifadesini Ã§oÄŸunuz bilirsiniz. Bu ifadeyi doÄŸuran hikÃ¢yenin yaÅŸandÄ±ÄŸÄ± yerdeyim.
Sizin de gÃ¶rdÃ¼ÄŸÃ¼nÃ¼z gibi bir tarafta hikÃ¢yenin baÅŸ aktÃ¶rlerinden meÅŸhur deÄŸirmen diÄŸer tarafta da Prusya kralÄ± II. Frederickâ€™in sarayÄ± var.
Efendim anlatÄ±lanlara gÃ¶re hikÃ¢ye ÅŸÃ¶yle:
â€œII. Frederick 1750 yÄ±lÄ±nda Postdamâ€™dan geÃ§erken bir yeri Ã§ok beÄŸenir ve adamlarÄ±na kendisini orada bir saray yapmalarÄ± emrini verir. KralÄ±n adamlarÄ± sÃ¶ylenen yere giderler ama gittikleri yerde bir deÄŸirmen olduÄŸunu gÃ¶rÃ¼rler. Saray iÃ§in de o deÄŸirmenin oradan kalkmasÄ± gerekmektedir. Bunun iÃ§in gidip deÄŸirmencinin kapÄ±sÄ±nÄ± Ã§alarlar. KarÅŸÄ±larÄ±na, deÄŸirmenin sahibi yaÅŸlÄ± bir adam Ã§Ä±kar. KralÄ±n adamlarÄ± yaÅŸlÄ± deÄŸirmenciye, kralÄ±n deÄŸirmeni satÄ±n almak istediÄŸini ve bunun iÃ§in kaÃ§ para istediÄŸini sorarlar. Fakat yaÅŸlÄ± deÄŸirmenci yapÄ±lan Ä±srarlÄ± teklifleri kararlÄ± bir dille reddeder. KralÄ±n adamlarÄ± Ã§aresiz krala dÃ¶ner ve durumu anlatÄ±rlar. Kral adamlarÄ±nÄ± geri Ã§eviren deÄŸirmenciyle bir de kendisi konuÅŸmak ister. YaÅŸlÄ± deÄŸirmenci gelince anlatmaya baÅŸlar: -dedem deÄŸirmenciydi, babam da Ã¶yleâ€¦ ÅŸimdi deÄŸirmen bana kaldÄ± ben de onu Ã§ocuklarÄ±ma bÄ±rakmak istiyorum der. Kral iÃ§in bile olsa deÄŸirmen satÄ±lÄ±k deÄŸildir. DeÄŸirmenciye Ã¼lkenin neresinden isterse oradan deÄŸirmen alabileceÄŸi paralar teklif edilse de deÄŸirmenci kararlÄ±dÄ±r ve Ã¼tÃ¼n teklifleri kararlÄ± bir dille reddeder. Bunun Ã¼zerine kral inat etme; istesem deÄŸirmenini para vermeden de alabilirim deyince, deÄŸirmen buna karÅŸÄ±lÄ±k o unutulmaz cevabÄ± verir.
â€œAsÄ±l sen unutma! Berlinâ€™de hÃ¢kimler var. AlamazsÄ±n. HiÃ§ bir gÃ¼Ã§ hiÃ§bir siyaset hiÃ§bir iktidar adaletten Ã¼stÃ¼n deÄŸildir der.â€
Bu sÃ¶zler Ã¼zerine herkes kralÄ±n hiddetlenmesini beklemektir. Fakat aksine bu sÃ¶zler kralÄ±n Ã§ok hoÅŸuna gider. KurulmasÄ±nÄ± istediÄŸi hukuk sistemine olan gÃ¼veni gÃ¶rÃ¼nce mutlu olur. Ve Prusya krallÄ±ÄŸÄ± ayakta kaldÄ±kÃ§a bu deÄŸirmenin ayakta kalmasÄ±nÄ± ister ve sarayÄ±nÄ± da bu deÄŸirmenin yanÄ±na yaptÄ±rÄ±r.â€ 
Ve yine kralÄ±n vakti zamanÄ±nda sarayÄ±nda yaÅŸamaya baÅŸladÄ±ktan sonra ÅŸÃ¶yle dediÄŸi sÃ¶ylenir:
â€œAdalet bana her sabah, sÄ±cak bir ekmek kokusuyla gelirdi.â€
Modern Almanya da aslÄ±nda bugÃ¼n hukuk sistemindeki gÃ¼cÃ¼ geÃ§miÅŸte inÅŸa edilen bu hukuk dÃ¼ÅŸÃ¼ncesinden alÄ±yor. Ve bugÃ¼n â€œBerlinâ€™de hÃ¢kimler varâ€ sÃ¶zÃ¼ neredeyse herkes tarafÄ±nda biliniyor.
KanalÄ±mÄ±za  abone olmak iÃ§in tÄ±klayÄ±n: www.youtube.com/DunyAlemGezi
Bizi Ä°nstagram'dan takip edin : https://www.instagram.com/dunyalem.gezi/
Bizi TikTok'tan takip edin: https://www.tiktok.com/@dunyalemgezi
Bizi Twitter'dan takip edin: https://twitter.com/DunyAlemgezi","['dÃ¼nyalem', 'dÃ¼nya alem', 'dÃ¼nya alem gezi', 'iÅŸ fÄ±rsatlarÄ±', 'yurt dÄ±ÅŸÄ±nda eÄŸitim', 'yurt dÄ±ÅŸÄ± iÅŸ fÄ±rsatlarÄ±', 'gezi', 'dÃ¼nya turu', 'avrupa Ã¼lkeleri', 'en gÃ¼zel Ã¼lkeler', 'ahmet daÅŸtan', 'seyahat', 'macera', 'amazing', 'berlin', 'adalet', 'berlin`de hakimler var', 'AtatÃ¼rk', 'degirmenci', 'DeÄŸirmenci ve Kral', 'adalet mulkun temeli', 'avrupa', 'almanya', 'mahkeme', 'hukuk', 'hikaye', 'ibretlik hikaye', 'tarih', 'degirmen', 'degirmenci`nin hikayesi', 'Kral']",2022-10-23T06:59:57Z,20370,352,,39,PT5M17S,hd,false
30,Bp9wpYk3rso,DÃ¼nyAlem,"Bosna Hersek'te Rafting  (Neretva nehri, konjic)  #rafting #adranalin #dunyalem","Bosna-Hersekâ€™e giden TÃ¼rkler genelde tarihi yerleri geziyorlar. Fakat Bosnaâ€˜nÄ±n tabii gÃ¼zellikleri muhteÅŸem. BunlarÄ±n en Ã¶nemlilerinden birÅŸ de Neratva Nehri. Bosna`ya giderseniz gezinizi bir gÃ¼n uzatÄ±n ama mutlaka bu raftingâ€™i yapÄ±n deriz. Asla piÅŸman olmayacaksÄ±nÄ±z!

KanalÄ±mÄ±za  abone olmak iÃ§in tÄ±klayÄ±n: www.youtube.com/DunyAlemGezi
Bizi Ä°nstagram'dan takip edin : https://www.instagram.com/dunyalem.gezi/
Bizi TikTok'tan takip edin: https://www.tiktok.com/@dunyalemgezi
Bizi Twitter'dan takip edin: https://twitter.com/DunyAlemgezi","['dÃ¼nyalem', 'dÃ¼nya alem', 'dÃ¼nya alem gezi', 'iÅŸ fÄ±rsatlarÄ±', 'yurt dÄ±ÅŸÄ±nda eÄŸitim', 'yurt dÄ±ÅŸÄ± iÅŸ fÄ±rsatlarÄ±', 'gezi', 'dÃ¼nya turu', 'avrupa Ã¼lkeleri', 'en gÃ¼zel Ã¼lkeler', 'ahmet daÅŸtan', 'seyahat', 'macera', 'amazing', 'rafting', 'bosna', 'heyecan', 'adranalin', 'summer', 'river', 'nehir', 'neretva', 'boat', 'bosna hersek', 'bosna hersek vlog', 'bosna hersek gezisi', 'bosna hersek 4k', 'bosna hersek yaÅŸam', 'bosna hersek tarihi']",2022-10-17T14:11:00Z,4373,65,,12,PT16M46S,hd,false
31,_bOfL3CKF98,DÃ¼nyAlem,Almanyaâ€™da Ã¼cretsiz Ã¼niversite eÄŸitimi fÄ±rsatÄ±ï¿¼. #youtubeshorts #yurtdÄ±ÅŸÄ±eÄŸitim #almanya,,,2022-10-14T16:33:18Z,789,17,,0,PT1M1S,hd,false
32,vbbb99GvQRQ,DÃ¼nyAlem,Almanyaâ€™da Ãœcretsiz Ãœniversite EÄŸitimi FÄ±rsatÄ± (TÃ¼m detaylar...) #yurtdÄ±ÅŸÄ±eÄŸitim#Almanya #dÃ¼nyalem,"Merhaba, Frankfurtâ€™tayÄ±z. 
Almanyaâ€™da eÄŸitim almak, burada Ã¶ÄŸrenci olmak TÃ¼rkiyeâ€™de pek Ã§ok Ã¶ÄŸrencinin hayali. 
AslÄ±nda Almanyaâ€™da Ã¶ÄŸrenci olmak  Ã¶yle sanÄ±ldÄ±ÄŸÄ± kadar zor deÄŸil. 
Bu yayÄ±nÄ±mÄ±zda Almanyaâ€™da kolay yoldan nasÄ±l Ã¶ÄŸrenci olabileceÄŸinizi ve bir yandan okurken bir yandan da nasÄ±l Ã§alÄ±ÅŸabileceÄŸinizi anlatacagiz.
HazÄ±rsanÄ±z baÅŸlayalÄ±m. Daha fazla iÃ§erik iÃ§in videomuzu beÄŸenip yorum bÄ±rakmayÄ± unutmayÄ±n.

Almanya'da  Ã¼niversite okumak iÃ§in en Ã¶nemli gereklilik ise Almanca bilmek. Dil yeterliliÄŸinizi kanÄ±tlamak iÃ§in TestDaf sÄ±navÄ±ndan en az B1 seviyesi gerekiyor. Bu seviye bazÄ± Ã¼niversiteler iÃ§in yeterli deÄŸil. Bu durumda ÅŸartlÄ± kabul alarak hazÄ±rlÄ±k sonrasÄ±nda bÃ¶lÃ¼me baÅŸlama ÅŸansÄ± elde ediyorsunuz.

Abitur programÄ± da Almanya'da Ã¼niversiteye girmek iÃ§in bir baÅŸka yol. Bu program standart olarak
Almanya'da lise Ã¶ÄŸrencilerine sene sonunda yapÄ±lan sÄ±navlardan oluÅŸuyor. TÃ¼rkiye'de de bu programÄ± sunun Alman liseleri mevcut. Bu durumda YKS sÄ±nav sonucuna ihtiyacÄ±nÄ±z kalmÄ±yor.

Almanya'da lisans eÄŸitimi 3 yÄ±l sÃ¼rÃ¼yor ve alacaÄŸÄ±nÄ±z diploma YÃ–K tarafÄ±ndan TÃ¼rkiye'deki 4 yÄ±llÄ±k programlar yerine sayÄ±lÄ±yor. TÃ¼m Alman devlet Ã¼niversitelerinin diplomalarÄ±nÄ±n TÃ¼rkiye'de denkliÄŸi mevcut.

DÃ¼ÅŸÃ¼k harÃ§ Ã¼cretlerinin yanÄ±nda bir baÅŸka avantaj ise Almanya'da okurken Ã§alÄ±ÅŸabilme ÅŸansÄ±. Ã–ÄŸrenci vizesi Ã§alÄ±ÅŸma hakkÄ±nÄ±z var ve bÃ¼yÃ¼k ÅŸehirlerde Ã¶ÄŸrenciler iÃ§in iÅŸ bulmak zor deÄŸil.
Mezun olduktan sonra da 18 ay iÅŸ arama hakkÄ±na sahipsiniz ve bu sÃ¼reÃ§te iÅŸ bulursanÄ±z sonrasÄ±nda vize sorunu yaÅŸamÄ±yorsunuz.
KanalÄ±mÄ±za  abone olmak iÃ§in tÄ±klayÄ±n: www.youtube.com/DunyAlemGezi
Bizi Ä°nstagram'dan takip edin : https://www.instagram.com/dunyalem.gezi/
Bizi TikTok'tan takip edin: https://www.tiktok.com/@dunyalemgezi
Bizi Twitter'dan takip edin: https://twitter.com/DunyAlemgezi","['dÃ¼nyalem', 'dÃ¼nya alem', 'dÃ¼nya alem gezi', 'iÅŸ fÄ±rsatlarÄ±', 'yurt dÄ±ÅŸÄ±nda eÄŸitim', 'yurt dÄ±ÅŸÄ± iÅŸ fÄ±rsatlarÄ±', 'gezi', 'dÃ¼nya turu', 'avrupa Ã¼lkeleri', 'en gÃ¼zel Ã¼lkeler', 'ahmet daÅŸtan', 'seyahat', 'macera', 'amazing', 'egitim', 'almanya', 'Almanyaâ€™da Ãœniversite Okuma', 'Bedava EÄŸitim', 'YurtdÄ±ÅŸÄ± eÄŸitim', 'Almanya Ä°ltica', 'Almanya vizesi', 'Almanya ilk gidiÅŸ', 'Almanyaâ€™da Ã¶grenci olmak', 'avrupa vizesi', 'avrupa`da iltica', 'avrupa`da egitim', 'avrupa egitim danismanligi', 'frankfurt', 'geothe universitesi', 'ogrenci', 'geothe university']",2022-10-10T14:05:38Z,10517,96,,17,PT12M38S,hd,false
33,06lzuwaplD0,DÃ¼nyAlem,AyyÄ±ldÄ±zlÄ± BoÅŸnak Kahvesi (Saraybosna) #youtubeshorts #keÅŸfet #youtubeshort #kahve,,,2022-10-09T06:12:37Z,227,20,,0,PT58S,hd,false
34,44BVqr4BxwA,DÃ¼nyAlem,Blagay Alperenler Tekkesi (Bosna)  #keÅŸfet #youtubeshorts #ytshorts,,,2022-10-08T18:26:51Z,282,31,,0,PT1M,hd,false
35,vJ4paVlTFt0,DÃ¼nyAlem,Son TÃ¼rk Kalesi | PoÃ§itel-Bosna #keÅŸfet #youtubeshorts #youtubeshort #dÃ¼nyalem,,,2022-10-07T17:20:00Z,291,18,,1,PT59S,hd,false
36,shY1j2ggGYo,DÃ¼nyAlem,"BoÅŸnak Kebapâ€™Ä± (Ã§evabi) nasÄ±l yapÄ±lÄ±r, nasÄ±l yenir!?  #kebap #keÅŸfet #keÅŸfetteyiz",,,2022-10-03T16:13:49Z,350,29,,0,PT58S,hd,false
37,07aKceGqQhs,DÃ¼nyAlem,"BoÅŸnak Kebapâ€™Ä± (Ã§evabi) nasÄ±l yapÄ±lÄ±r, nasÄ±l yenir!?  #kebap #keÅŸfet #keÅŸfetteyiz",,,2022-10-03T16:02:02Z,5853,67,,0,PT16S,hd,false
38,26VswRL53Js,DÃ¼nyAlem,Son TÃ¼rk Kalesi |Bosna Hersek'te OsmanlÄ±-TÃ¼rk izleri  | Bosna-2  #osmanlÄ± #ahmetdastan,"Bosnaâ€™nÄ±n Fethi Fatih sultan Mehmet dÃ¶nemine kadar uzanÄ±yor. Bu Fethin ardÄ±nda da bu topraklara Ä°slamiyet ve TÃ¼rk kÃ¼ltÃ¼rÃ¼ yayÄ±lmaya baÅŸladÄ±. 415 yÄ±llÄ±k bir OsmanlÄ± hakimiyetinde burasÄ± Rumeli Eyaleti ya da Bosna eyaleti olarak idare edildi.  Bosna Hersek 1908â€™de resmi olarak Avusturya- Macaristan imparatorluÄŸunun bir parÃ§asÄ± kabul edilinceye kadar OsmanlÄ± topraÄŸÄ± olarak kaldÄ±.
Ä°slamiyet ve OsmanlÄ± kÃ¼ltÃ¼rÃ¼ bu bÃ¶lgede o kadar barÄ±ÅŸÃ§Ä±l yolarla yayÄ±ldÄ± ki; bugÃ¼n hala burada insanlarÄ±n bÃ¼yÃ¼k Ã§oÄŸunluÄŸu kendilerini OsmanlÄ± ya da TÃ¼rk olarak gÃ¶rÃ¼yor. Bosnaâ€™da pek Ã§ok ÅŸehirde kendinizi Anadoluâ€™da bir kentte hissedebilirsiniz. 
Bu bÃ¶lÃ¼mde bir yandan Bosna Hersekâ€™i dolaÅŸacaÄŸÄ±z ve bir yandan da buradaki tarihi izleri sizlerle paylaÅŸacaÄŸÄ±z.
Kanalimiza abone olmak iÃ§in tÄ±klayÄ±n: www.youtube.com/DunyAlemGezi
Bizi Ä°nstagram'dan takip edin : https://www.instagram.com/dunyalem.gezi/
Bizi TikTok'tan takip edin: https://www.tiktok.com/@dunyalemgezi
Bizi Twitter'dan takip edin: https://twitter.com/DunyAlemgezi","['dÃ¼nyalem', 'dÃ¼nya alem', 'dÃ¼nya alem gezi', 'iÅŸ fÄ±rsatlarÄ±', 'yurt dÄ±ÅŸÄ±nda eÄŸitim', 'yurt dÄ±ÅŸÄ± iÅŸ fÄ±rsatlarÄ±', 'gezi', 'dÃ¼nya turu', 'avrupa Ã¼lkeleri', 'en gÃ¼zel Ã¼lkeler', 'ahmet daÅŸtan', 'seyahat', 'amazing', 'osmanli', 'bosna-hersek', 'bosna', 'mostar', 'poticel koyu', 'saraybosna', 'sarajevo', 'tarihi yerler', 'osmanli-turk', 'sehir gezisi', 'avrupa', ""avrupa'daki turkler"", 'gezilecek yerler', ""bosna'da gezilecek yerler"", 'bosna hersek', 'bosna hersek vlog', 'bosna hersek gezisi', 'bosna hersek 4k', 'bosna hersek yaÅŸam', 'bosna hersek tarihi']",2022-10-02T09:52:31Z,13264,132,,30,PT20M7S,hd,false
39,pU3ZIhEy7Zw,DÃ¼nyAlem,10 bin km uzakta Endonezyaâ€™da TÃ¼rk KÃ¶yÃ¼ - Banda Aceh | Endonezya 9,"KanalÄ±mÄ±za  abone olmak iÃ§in tÄ±klayÄ±n: www.youtube.com/DunyAlemGezi
Bizi Ä°nstagram'dan takip edin : https://www.instagram.com/dunyalem.gezi/
Bizi TikTok'tan takip edin: https://www.tiktok.com/@dunyalemgezi
Bizi Twitter'dan takip edin: https://twitter.com/DunyAlemgezi","['dÃ¼nyalem', 'dÃ¼nya alem', 'dÃ¼nya alem gezi', 'iÅŸ fÄ±rsatlarÄ±', 'yurt dÄ±ÅŸÄ±nda eÄŸitim', 'yurt dÄ±ÅŸÄ± iÅŸ fÄ±rsatlarÄ±', 'gezi', 'dÃ¼nya turu', 'avrupa Ã¼lkeleri', 'en gÃ¼zel Ã¼lkeler', 'ahmet daÅŸtan', 'seyahat', 'macera', 'amazing']",2022-09-12T12:00:36Z,22483,121,,25,PT34M48S,hd,false
40,2pI85sv320E,DÃ¼nyAlem,Draculaâ€™nÄ±n Åatosuâ€™nu BastÄ±k! KazÄ±klÄ± Voyvoda kim?ï¿¼,"Vlad TepeÅŸ, bilinen adÄ±yla KazÄ±klÄ± Voyvoda veya Kont Drakula 1448'den Ã¶lÃ¼mÃ¼ne kadar Ã¼Ã§ kez Eflak VoyvodasÄ± olmuÅŸ Rumen komutan ve liderdi. Ã–zellikle dÃ¼ÅŸmanlarÄ± olarak gÃ¶rdÃ¼ÄŸÃ¼, esir OsmanlÄ± askerlerini ve Bulgar topraklarÄ±nÄ±n TÃ¼rk sakinlerini kazÄ±ÄŸa oturtarak Ã¶ldÃ¼rtmesi ile bilinir. Eflak tarihinin en Ã¶nemli yÃ¶neticilerinden biri olarak gÃ¶rÃ¼lÃ¼r ve gÃ¼nÃ¼mÃ¼zde Romanya'nÄ±n ulusal kahramanÄ± olarak kabul edilir. HayatÄ±, Bram Stoker'Ä±n Drakula romanÄ±na ve Drakula filmine konu olmuÅŸtur.
 #dracula   #dÃ¼nyalem  #vampire 

KanalÄ±mÄ±za  abone olmak iÃ§in tÄ±klayÄ±n: www.youtube.com/DunyAlemGezi
Bizi Ä°nstagram'dan takip edin : https://www.instagram.com/dunyalem.gezi/
Bizi TikTok'tan takip edin: https://www.tiktok.com/@dunyalemgezi
Bizi Twitter'dan takip edin: https://twitter.com/DunyAlemgezi","['Dracula', 'dunyalem', 'drakula', 'bran', 'bran castle', 'vampire', 'amazing', 'terrible', 'scary', 'seyahat', 'traveling', 'gezi', 'romanya', 'transilvanya', 'cont dracula', 'hotel transilvanya', 'kazikli voyvoda', 'osmanli', 'fatih', 'dracula baslangic']",2022-08-25T14:31:48Z,657,41,,17,PT10M34S,hd,false
41,85cRH3dyv1o,DÃ¼nyAlem,Dinazor AÄŸzÄ± T-Rex ve Diamond Beach gÃ¶rdÃ¼ÄŸÃ¼m en gÃ¼zel sahiller #BALI #KelingkingBeach #diamondbeach,"Nusa Penida is the most beautiful place in Bali and it is the number one on my top 10 list. Just a 40 minute boat ride from Bali, I highly recommend you visit these islands.
Today we visit the famous Kelingking Beach (Dinosaur beach) and Diamond Beach on Nusa Penida,
 The Most Beautiful Beach I've Ever Been 
02:19  Diamond Beach 
04:45  Kelingking Beach  (Dinosaur Beach) . T-Rex Bay

Give this video a thumbs up + please subscribe if you enjoyed!
Thank you for watching and subscribing to my channel :)
If there are any critiques, suggestions, or a request for locations to be recorded, feel free to leave a comment.

See you on the next video!

JOIN US ON: 

- Instagram: https://www.instagram.com/dunyalem_gezi/



#NusaPenida
#bali  #diamondbeach 
#KelingkingBeach
#AdventureLabs","['dÃ¼nyalem', 'dÃ¼nya alem', 'dÃ¼nya alem gezi', 'yurt dÄ±ÅŸÄ± iÅŸ fÄ±rsatlarÄ±', 'gezi', 'dÃ¼nya turu', 'avrupa Ã¼lkeleri', 'en gÃ¼zel Ã¼lkeler', 'ahmet daÅŸtan', 'deniz', 'okyanus', 'dalÄ±ÅŸ', 'su altÄ±', 'okyanus dalÄ±ÅŸ', 'hint okyanusu', 'bali', 'nusa penida', 'diamond beach', 'kelingking beach', 'travel', 't-rex bay', 'dinazor agzi', 'endonezya', 'sahil', 'plaj']",2022-08-11T14:25:37Z,5766,71,,14,PT7M11S,hd,false
42,wwCDkDbEeuM,DÃ¼nyAlem,Endonezya'nÄ±n sÄ±fÄ±r noktasÄ±nda dalÄ±ÅŸ yaptÄ±k |Endonezya 8,"Bu bÃ¶lÃ¼mde Endonezya'da Sumatra adasÄ±nÄ±n en uÃ§ noktasÄ±ndayÄ±z. 
Bu anlamda 0 noktasÄ±...
GÃ¶z alabildiÄŸince uzanan mavi bir Ã¶rtÃ¼ var karÅŸÄ±mÄ±zda. 
Hint okyanusunun baÅŸladÄ±ÄŸÄ± yer! 
Ä°lk defa tÃ¼plÃ¼ dalÄ±ÅŸ yaptÄ±m ve benim iÃ§in eÅŸsiz bir deneyim oldu.
 Rengarenk balÄ±klar ve dingin bir dÃ¼nya var suyun altÄ±nda. 
HenÃ¼z dalÄ±ÅŸ yapmadÄ±ysanÄ±z ve eÅŸsiz bir deneyim yaÅŸamak istiyorsanÄ±z Banda AÃ§e'deki dalÄ±ÅŸ noktalarÄ± tam size gÃ¶re. Ã‡ok bilinen Bali AdasÄ±na gÃ¶re burasÄ± daha ucuz ve daha renkli bir yer.

#dalÄ±ÅŸ #endonezya #dÃ¼nyalem 

KanalÄ±mÄ±za  abone olmak iÃ§in tÄ±klayÄ±n: www.youtube.com/DunyAlemGezi
Bizi Ä°nstagram'dan takip edin : https://www.instagram.com/dunyalem.gezi/
Bizi TikTok'tan takip edin: https://www.tiktok.com/@dunyalemgezi
Bizi Twitter'dan takip edin: https://twitter.com/DunyAlemgezi","['dÃ¼nyalem', 'dÃ¼nya alem', 'dÃ¼nya alem gezi', 'yurt dÄ±ÅŸÄ± iÅŸ fÄ±rsatlarÄ±', 'gezi', 'dÃ¼nya turu', 'avrupa Ã¼lkeleri', 'en gÃ¼zel Ã¼lkeler', 'ahmet daÅŸtan', 'mercan kayaliklari', 'deniz', 'okyanus', 'scuba', 'dal', 'dalÄ±ÅŸ', 'su altÄ±', 'okyanus dalÄ±ÅŸ', 'hint okyanusu', 'endonezya dalÄ±ÅŸ', 'mercan dalÄ±ÅŸÄ±', 'sÄ±fÄ±r noktasÄ±', 'en gÃ¼zel dalÄ±ÅŸ yerleri']",2022-08-04T13:00:28Z,13029,122,,28,PT15M24S,hd,true
43,g3ERSpOuzU8,DÃ¼nyAlem,HÄ±rsÄ±z Maymun Ä°phone 13 promax telefonumuzu Ã§aldÄ±!,#endonezya #bali #animal #iphone #iphone13promax #tapÄ±nak #travel #amazing #hÄ±rsÄ±z #funny #fun #summer #,,2022-07-28T15:20:09Z,678,25,,2,PT1M,hd,false
44,MmJSnBjromU,DÃ¼nyAlem,Salak meyvesi - Bu Meyveler TÃ¼rkiye'de Yok! - ENDONEZYA MEYVE PAZARI  - Endonezya 7,"Endonezya tropikal kuÅŸakta olan Ã¼lkelerden biri. 
Tropikal iklim ve nemli bitki Ã¶rtÃ¼sÃ¼ Ã¼lkede yetiÅŸen meyveler iÃ§in de bir zenginlik kaynaÄŸÄ±. GÃ¼neydoÄŸu Asyaâ€™nÄ±n bu gÃ¼zel adalar Ã¼lkesinde Ã¼lkemizde gÃ¶remeyeceÄŸiniz pek Ã§ok egzotik meyve var. 
Rengarenk yapÄ±larÄ± ve birbirinden farklÄ± lezzetleriyle bu meyvelerin isimlerini de ilk defa duyacaksÄ±nÄ±z. 
GÃ¶rÃ¼nÃ¼ÅŸleri ile oldukÃ§a albenili olan bu meyveler insanda adeta tadÄ±na bakma isteÄŸi uyandÄ±rÄ±yor. GÃ¶rÃ¼ntÃ¼leri ve tatlarÄ± kadar isimleri de oldukÃ§a ilginÃ§. Durian, Salak meyvesi, Ejderha meyvesi bunlardan sadece birkaÃ§Ä±â€¦ 
Sizler iÃ§in gÃ¼nÃ¼n ilk saatlerinde meyve pazarlarÄ±nÄ± dolaÅŸtÄ±k. 
HazÄ±rsanÄ±z bu egzotik keÅŸfe beraber baÅŸlayalÄ±mâ€¦
#endonezya #tropical  #durian 
KanalÄ±mÄ±za  abone olmak iÃ§in tÄ±klayÄ±n: www.youtube.com/DunyAlemGezi
Bizi Ä°nstagram'dan takip edin : https://www.instagram.com/dunyalem.gezi/
Bizi TikTok'tan takip edin: https://www.tiktok.com/@dunyalemgezi
Bizi Twitter'dan takip edin: https://twitter.com/DunyAlemgezi","['dÃ¼nyalem', 'dÃ¼nya alem', 'dÃ¼nya alem gezi', 'yurt dÄ±ÅŸÄ± iÅŸ fÄ±rsatlarÄ±', 'gezi', 'Durian', 'Salak meyvesi', 'endonezya', 'ahmet daÅŸtan', 'banda ache', 'endonezya en gÃ¼zel ÅŸehirleri', 'endonezya meyveleri', 'tropikal meyveler', 'egzotik meyveler', 'tropical island', 'aÃ§e', 'tropik meyveler', 'tropikal meyve', 'tropikal meyveleri denedim', 'ilginÃ§ meyveler', 'tropik meyveler yedim', 'tropik meyve', 'tropikal meyve yeme', 'tropik meyveler ejder', 'tropik meyve exotic fruit', 'tropikal meyveler denedim', 'ejderha meyvesi yedim']",2022-07-24T09:05:16Z,9791,140,,51,PT17M33S,hd,true
45,U8pHmvyfik8,DÃ¼nyAlem,Ã–LÃœLERÄ°N GÃ–MÃœLMEDÄ°ÄÄ° KORKUNÃ‡ MEZARLIK | Endonezya 6,"Endonezya Bali AdasÄ±nda 1000 YÄ±llÄ±k Hindu GeleneÄŸi

Ã–LÃœLERÄ°N GÃ–MÃœLMEDÄ°ÄÄ° KORKUNÃ‡ MEZARLIK | Endonezya 6

#bali #MezarlÄ±k #endonezya #ceset #trunyan 
KanalÄ±mÄ±za Ã¼cretsiz abone olmak iÃ§in tÄ±klayÄ±n: www.youtube.com/DunyAlemGezi
Bizi Ä°nstagram'dan takip edin : https://www.instagram.com/dunyalem.gezi/
Bizi TikTok'tan takip edin: https://www.tiktok.com/@dunyalemgezi
Bizi Twitter'dan takip edin: https://twitter.com/DunyAlemgezi","['dÃ¼nyalem', 'dÃ¼nya alem', 'dÃ¼nya alem gezi', 'iÅŸ fÄ±rsatlarÄ±', 'yurt dÄ±ÅŸÄ±nda eÄŸitim', 'yurt dÄ±ÅŸÄ± iÅŸ fÄ±rsatlarÄ±', 'gezi', 'dÃ¼nya turu', 'avrupa Ã¼lkeleri', 'en gÃ¼zel Ã¼lkeler']",2022-07-17T07:00:07Z,32520,356,,97,PT18M20S,hd,true
46,yzxu6kZrTkA,DÃ¼nyAlem,BOSNA SAVAÅIâ€™NIN ACI Ä°ZLERÄ°: SREBRENÄ°TSA  (1992-1995) | Bosna- 1,"#srebrenitsa #bosna #dÃ¼nyalem
KanalÄ±mÄ±za abone olmak iÃ§in tÄ±klayÄ±n: www.youtube.com/DunyAlemGezi
Bizi Ä°nstagram'dan takip edin : https://www.instagram.com/dunyalem.gezi/
Bizi TikTok'tan takip edin: https://www.tiktok.com/@dunyalemgezi
Bizi Twitter'dan takip edin: https://twitter.com/DunyAlemgezi","['dÃ¼nyalem', 'dÃ¼nya alem', 'dÃ¼nya alem gezi', 'iÅŸ fÄ±rsatlarÄ±', 'yurt dÄ±ÅŸÄ±nda eÄŸitim', 'yurt dÄ±ÅŸÄ± iÅŸ fÄ±rsatlarÄ±', 'gezi', 'dÃ¼nya turu', 'avrupa Ã¼lkeleri', 'en gÃ¼zel Ã¼lkeler', 'bosna', 'yeni bÃ¶lÃ¼m', 'srebrenitsa', 'acÄ± izler', 'bosna hersek', 'bosna hersek vlog', 'bosna hersek gezisi', 'bosna hersek 4k', 'bosna hersek yaÅŸam', 'bosna hersek tarihi']",2022-07-11T07:22:14Z,763,87,,11,PT20M43S,hd,false
47,d8d0BzxQ25Y,DÃ¼nyAlem,DÃœNYANIN EN PAHALI KAHVESÄ°: 1000 $     -Endonezya 5,"Endonezyaâ€™yÄ± sizin iÃ§in dolaÅŸmaya devam ediyoruz. 
Bu bÃ¶lÃ¼mde Endonezyaâ€™nÄ±n Bali adasÄ±nda Luwak kahvesinin hazÄ±rlanma sÃ¼recine tanÄ±klÄ±k ettik.

Ã–nce kahve Ã§ekirdekleri Ã¶zenle yetiÅŸtiriliyor. 
Kahvenin Ã¼retilme sÃ¼reci ise Misk kedilerinin kahve Ã§ekirdeklerini yutmasÄ± ile baÅŸlÄ±yor.
Misk kedisinin midesinde fermantasyon geÃ§iren ve dÄ±ÅŸkÄ±lama yoluyla elde edilen bu kahve Ã§ekirdekleri, dezenfekte edildikten sonra Ã¶zenle kavruluyor ve piÅŸirmeye hazÄ±r hale getirilerek paketleniyor. Ä°Ã§inizde ÅŸÃ¼phe kalmasÄ±n temizlenme sÃ¼recine biz de tanÄ±klÄ±k ettik. Son derece hijyenik yÃ¶ntemlerle temizleniyor kahve Ã§ekirdekleriâ€¦ ğŸ˜ƒ
Hem Ã§ok az miktarda Ã¼retiliyor olmasÄ± hem de iÅŸlenme sÃ¼reci nedeniyle dÃ¼nyanÄ±n en pahalÄ± kahvesi olan Luwak kahvesinin fiyatÄ± baÅŸka yerlerde 1000 dolara kadar Ã§Ä±kÄ±yor. 
Olur da Baliâ€™ye yolunuz dÃ¼ÅŸerse luwak kahvesini Ã¼retim yerinde demeden gitmeyin. Tabi sadece kahve deÄŸil, burada yetiÅŸen baÅŸka bitkilerden hazÄ±rlanan Ã§aylar da ikram ediliyor.

HazÄ±rsanÄ±z kahvenizi alÄ±n ve bize katÄ±lÄ±nâ€¦

#Luwak #Kedi #Kahve #enpahalÄ± #endonezya
KanalÄ±mÄ±za abone olmak iÃ§in tÄ±klayÄ±n: www.youtube.com/DunyAlemGezi
Bizi Ä°nstagram'dan takip edin : https://www.instagram.com/dunyalem.gezi/
Bizi TikTok'tan takip edin: https://www.tiktok.com/@dunyalemgezi
Bizi Twitter'dan takip edin: https://twitter.com/DunyAlemgezi","['dÃ¼nyalem', 'dÃ¼nya alem', 'dÃ¼nya alem gezi', 'iÅŸ fÄ±rsatlarÄ±', 'yurt dÄ±ÅŸÄ±nda eÄŸitim', 'yurt dÄ±ÅŸÄ± iÅŸ fÄ±rsatlarÄ±', 'gezi', 'dÃ¼nya turu', 'avrupa Ã¼lkeleri', 'en gÃ¼zel Ã¼lkeler']",2022-06-30T17:00:34Z,14386,149,,25,PT15M26S,hd,false
48,ThL1xqSoIdE,DÃ¼nyAlem,DÃ¼nyadaki Cennet BALÄ° | Endonezya-4,"Endonezya Turumuz devam ediyor. 
Bu sefer ki duraÄŸÄ±mÄ±z Endonezyaâ€™nÄ±n eÅŸsiz adasÄ± Bali...
Bali Endonezyaâ€™nÄ±n en bÃ¼yÃ¼k adalarÄ±ndan biri. 
Ã–zellikle son yÄ±llarda tatil iÃ§in tercih edilen yerler arasÄ±nda. 

Bali, Endonezyaâ€™da Java ve Lombok adalarÄ± arasÄ±nda yer alÄ±yor. Adada 3 milyonu aÅŸkÄ±n insan yaÅŸÄ±yor. Endonezyaâ€™nÄ±n geri kalanÄ±ndan farklÄ± olarak bu adanÄ±n yÃ¼zde 93â€™Ã¼ Hindu, geriye kalan kesimin Ã§oÄŸunluÄŸu MÃ¼slÃ¼manâ€¦

Bali, Ã¼lkenin en Ã¶nemli turizm merkezlerinden biri ve binlerce yÄ±llÄ±k bir kÃ¼ltÃ¼rel geÃ§miÅŸe de sahip. Baliâ€™de en popÃ¼ler yerlerden bazÄ±larÄ± Nusa Penida adasÄ±, Gili adalarÄ±, Seminyak, Jimbaran, Kuta, Canggu, Ubud, Sanur Kintamani ve Lovina bÃ¶lgeleriâ€¦ Burada eÅŸsiz doÄŸa, mÃ¼thiÅŸ plajlarÄ±n yanÄ± sÄ±ra tarihi yerler ve Ã¶nemli tapÄ±naklar da var.  PirinÃ§ tarlalarÄ±, kÃ¶yler, kahve Ã§iftlikleri, gÃ¶ller, yanar daÄŸlar ayrÄ±ca gÃ¶rÃ¼lecek yerler arasÄ±nda.

Bali son yÄ±llarda dÃ¼nyada cennet olarak kabul gÃ¶ren yerlerden biri. Ã–zellikle instagram devriyle beraber bÃ¶lgenin gÃ¼zelliklerinden haberdar olmayanlar kalmadÄ± neredeyse. Fakat buradan foroÄŸraflar gÃ¶rÃ¼ntÃ¼ler paylaÅŸÄ±ldÄ±ÄŸÄ± halde bÃ¶lge hala saklÄ± bir cennet adeta.

#Bali #endonezya #DÃ¼nyalem 
KanalÄ±mÄ±za Ã¼cretsiz abone olmak iÃ§in tÄ±klayÄ±n: www.youtube.com/DunyAlemGezi
Bizi Ä°nstagram'dan takip edin : https://www.instagram.com/dunyalem.gezi/
Bizi TikTok'tan takip edin: https://www.tiktok.com/@dunyalemgezi
Bizi Twitter'dan takip edin: https://twitter.com/DunyAlemgezi","['dÃ¼nyalem', 'dÃ¼nya alem', 'dÃ¼nya alem gezi', 'iÅŸ fÄ±rsatlarÄ±', 'yurt dÄ±ÅŸÄ±nda eÄŸitim', 'yurt dÄ±ÅŸÄ± iÅŸ fÄ±rsatlarÄ±', 'gezi', 'dÃ¼nya turu', 'avrupa Ã¼lkeleri', 'en gÃ¼zel Ã¼lkeler', 'bali', 'hÄ±rsÄ±z maymun', 'balayÄ±', 'balayÄ± ÅŸehri', 'edonesia', 'indonesia', 'tÃ¼rkiye bali', 'bali adasÄ± tÃ¼rkiye', 'bali sÃ¶rf', 'dinazor aÄŸzÄ± sahili', 'mahmun telefÄ±n Ã§aldÄ±', 'tapÄ±nak']",2022-06-19T08:30:03Z,13461,121,,16,PT32M25S,hd,false
49,xFGTVSae1cs,DÃ¼nyAlem,RÃ¼ÅŸvetÃ§i Filler! - Endonezyaâ€™da Safari MacerasÄ± | Endonezya-3,"Endonezya tropikal kuÅŸakta yer alan bir adalar Ã¼lkesiâ€¦ 
Ä°ki okyanus arasÄ±nda yer alan bu renkli Ã¼lkede iklim de Ã§eÅŸitli. 
Burada nemli, sÄ±cak, tropik bir hava hÃ¢kim ve kÄ±ÅŸ yaÅŸanmÄ±yor.  
Endonezyaâ€™nÄ±n doÄŸasÄ± birÃ§ok yerde bozulmamÄ±ÅŸ halde, korunmuÅŸ durumda. 
Bu durum da bitki ve hayvan Ã§eÅŸitliliÄŸi Ã¼zerinde bÃ¼yÃ¼k bir zenginlik yaÅŸanmasÄ±nÄ±n nedeniâ€¦ 
DÃ¼nyada bilinen tÃ¼m memeli tÃ¼rlerinin %12â€™si, farklÄ± kuÅŸlarÄ±n %17â€™si, sÃ¼rÃ¼ngenler ve amfibilerin %16â€™sÄ±, bÃ¶ceklerin %33den fazlasÄ± ve 4.000 â€˜in Ã¼zerinde bitki tÃ¼rÃ¼ bu topraklarda yaÅŸÄ±yor.
Bu bÃ¼mde sizleri Endonezyaâ€™da safariye Ã§Ä±kartacaÄŸÄ±z.
TAMAN SAFARÄ°; iÃ§inde fillerin, denizaslanlarÄ±nÄ±n yunus ve daha birÃ§ok hayvanÄ±n yer aldÄ±ÄŸÄ± geniÅŸ bir kompleks.
ZiyaretÃ§iler konforlu araÃ§larÄ±n iÃ§inde hayvanlarÄ± gÃ¶rebiliyor. 
Safarinin baÅŸÄ±ndan sonuna kadar aÃ§Ä±k alanlarda Ã§eÅŸitli hayvanlar dolaÅŸÄ±yor. 
Bu yÃ¼zden ziyaretÃ§ilerin araÃ§larÄ±ndan inmeleri kesinlikle yasak.
 AraÃ§lardan inmediÄŸiniz takdirde fillere, zÃ¼rafalara, su aygÄ±rlarÄ±na, antiloplara, timsahlara yaklaÅŸmanÄ±z mÃ¼mkÃ¼n. 
Yol boyunca Ã§eÅŸitli bÃ¶lÃ¼mler ziyaretÃ§ilere eÅŸsiz anlar yaÅŸatÄ±yor.
Kaplanlar, ayÄ±lar, aslanlar, tehlikeli yÄ±rtÄ±cÄ±larâ€¦ 
Hayvanat bahÃ§esinin her alanÄ± farklÄ± sÃ¼rprizlerle dolu.
ZiyaretÃ§ilerin tÃ¼m safari parkÄ±nÄ± bir gÃ¼n iÃ§inde keÅŸfetmeleri pek mÃ¼mkÃ¼n deÄŸil. 
Bu yÃ¼zden burada konaklama imkÃ¢nlarÄ± da var.  
Geceyi burada geÃ§irecekseniz, aÄŸaÃ§ evlerde, karavanlarda ya da bungalovlarda kalabilirsiniz. 

Son olarak safari baÅŸlamadan yanÄ±nÄ±za biraz havuÃ§ ya da muz alabilirsiniz. Yol boyunca gÃ¶receÄŸiniz hayvanlarÄ± beslemeniz gerekebilir. Fakat kesinlikle araÃ§larÄ±nÄ±zdan inmeyin. 
Bizden uyarmasÄ±.

#TamanSafari #DÃ¼nyAlem Eendonezya 
KanalÄ±mÄ±za  abone olmak iÃ§in tÄ±klayÄ±n: www.youtube.com/DunyAlemGezi
Bizi Ä°nstagram'dan takip edin : https://www.instagram.com/dunyalem.gezi/
Bizi TikTok'tan takip edin: https://www.tiktok.com/@dunyalemgezi
Bizi Twitter'dan takip edin: https://twitter.com/DunyAlemgezi","['dÃ¼nyalem', 'dÃ¼nya alem', 'dÃ¼nya alem gezi', 'iÅŸ fÄ±rsatlarÄ±', 'yurt dÄ±ÅŸÄ±nda eÄŸitim', 'yurt dÄ±ÅŸÄ± iÅŸ fÄ±rsatlarÄ±', 'gezi', 'dÃ¼nya turu', 'en gÃ¼zel Ã¼lkeler', 'taman safari', 'rÃ¼ÅŸvetÃ§i filler', 'fok balÄ±ÄŸÄ± gÃ¶sterisi', 'ahmet daÅŸtan', 'endonezya', 'indonesia', 'safari', 'havuz gÃ¶sterisi', 'deniz aslanÄ±', 'yunus gÃ¶sterisi', 'zÃ¼rafa', 'endonezya safari', 'okyanuz Ã¼lkesi', 'jakarta', 'jakarta trafik']",2022-06-05T07:00:13Z,6879,92,,18,PT16M37S,hd,true
50,_bmCvZFLcIw,DÃ¼nyAlem,Indonesia street foods - DÃ¼nya'nÄ±n en iyi yemeÄŸi seÃ§ildi! | Endonezya-2,"Endonezya; Hint ve Pasifik okyanuslarÄ± arasÄ±nda, GÃ¼neydoÄŸu Asya ve Okyanusyaâ€™da topraklarÄ± olan dÃ¼nyanÄ±n en bÃ¼yÃ¼k ada Ã¼lkesi.  Ãœlkede 17 bini aÅŸkÄ±n ada var. TÃ¼m Endonezyaâ€™da 7 bin civarÄ±nda dil konuÅŸuluyor.  DolayÄ±sÄ±yla geniÅŸ bir kÃ¼ltÃ¼rel Ã§eÅŸitlilik var.  Sadece kÃ¼ltÃ¼rel Ã§eÅŸitlilik deÄŸil dÃ¼nyanÄ±n en zengin fauna ve flora bÃ¶lgeleri de burada.  Hem kÃ¼ltÃ¼rel Ã§eÅŸitlilik hem doÄŸa Endonezya mutfaÄŸÄ±nÄ± eÅŸsiz kÄ±lÄ±yor.
Endonezyaâ€™da Sokak yemeklerini her kÃ¶ÅŸe baÅŸÄ±nda gÃ¶rmeniz mÃ¼mkÃ¼n. Bu, ÅŸehrin doÄŸal bir gÃ¶rÃ¼ntÃ¼sÃ¼ adetaâ€¦
Sokaklarda yemek satanlar, yemeklerini sabahÄ±n erken saatlerinde hazÄ±rlamaya baÅŸlÄ±yorlar. 
Ã–zel ÅŸirketlerde, kamu kurumlarÄ±nda Ã§alÄ±ÅŸanlar, Ã¶ÄŸrenciler neredeyse tÃ¼m EndonezyalÄ±lar bu tezgahlarÄ±n baÅŸÄ±nda soluÄŸu alÄ±yor.  Ã–yle ki bazen iÅŸten Ã§Ä±kanlar da evlerine gitmeden yemeklerini bir sokakta yiyip Ã¶yle evlerine gidiyorlar.
Yolunuz buraya dÃ¼ÅŸerse;  Ya Ã§adÄ±r altlarÄ±nda ya da aÃ§Ä±k alanlarda kurulan tezgahlarda sokak yemeklerinin tadÄ±na bakabilirsiniz. 
Bu videoda Endonezyaâ€™da sokak yemekleri avÄ±n Ã§Ä±ktÄ±k. 
YapÄ±mÄ± Ã§ok zahmetli ve Ã¶zel olduÄŸu iÃ§in Rendang yemeÄŸi sokakta yapÄ±lmÄ±yor. 
Ä°ki kez dÃ¼nyanÄ±n en iyi yemeÄŸi seÃ§ilen Hindistan cevizi sÃ¼tÃ¼yle piÅŸirilen et olan Rendang Kambing yemeÄŸi iÃ§in baÅŸka bir mekÃ¢na gittik.
GÃ¶rÃ¼ntÃ¼ ne kadar yansÄ±tÄ±r bu lezzeti bilmem ama yolunuz dÃ¼ÅŸerse yemeden gitmeyin derim.
Yemesi bizden izlemesi sizden  :)
#Endonezya #SokakYemekleri #DÃ¼nyAlem

KanalÄ±mÄ±za  abone olmak iÃ§in tÄ±klayÄ±n: www.youtube.com/DunyAlemGezi
Bizi Ä°nstagram'dan takip edin : https://www.instagram.com/dunyalem.gezi/
Bizi TikTok'tan takip edin: https://www.tiktok.com/@dunyalemgezi
Bizi Twitter'dan takip edin: https://twitter.com/DunyAlemgezi","['dÃ¼nyalem', 'dÃ¼nya alem', 'dÃ¼nya alem gezi', 'iÅŸ fÄ±rsatlarÄ±', 'yurt dÄ±ÅŸÄ±nda eÄŸitim', 'yurt dÄ±ÅŸÄ± iÅŸ fÄ±rsatlarÄ±', 'gezi', 'dÃ¼nya turu', 'en gÃ¼zel Ã¼lkeler', ""DÃ¼nya'nÄ±n en iyi yemeÄŸi seÃ§ildi"", 'endonezya', 'sokak yemekleri', 'Indonesia street foods', 'indonessia', 'en iyi yemek', 'sokak lezzetleri', 'jakarta', 'Rendang Kambing', 'endonezya lezzetleri']",2022-05-22T13:19:30Z,18338,148,,19,PT18M56S,hd,true
51,fDhssuu3cI4,DÃ¼nyAlem,Kendinizi TÃ¼rkiye'de hissedeceÄŸiniz Avrupa kenti,"7 bin yÄ±llÄ±k kadim bir mirasÄ±n varisi. Helen medeniyeti, Roma, Bizans ve OsmanlÄ± bu topraklarda derin izler bÄ±raktÄ±. Ve bu izler modern Avrupaâ€™nÄ±n ve BatÄ± medeniyetinin geliÅŸmesinde bÃ¼yÃ¼k rol oynadÄ±. Bu topraklarÄ±n insanlÄ±k tarihine katkÄ±larÄ± saymakla bitmez. Demokrasi, hukuk, dÃ¼ÅŸÃ¼nce, edebiyat ve dil birÃ§ok yÃ¶nÃ¼yle burada filizlendi ve baÅŸta Avrupa olmak Ã¼zere dÃ¼nyaya yayÄ±ldÄ±. Felsefenin babalarÄ± Socrates, Platon, Aristoâ€¦ MatematiÄŸin babalarÄ±: Pisagor, Ã–klit ve ArÅŸimentâ€¦Tarihin babasÄ± Heradot, TÄ±bbÄ±n babasÄ± Hipokrat... Ve daha nice babalar , Ä°nsanlÄ±ÄŸa nasÄ±l bÃ¼yÃ¼k bir miras bÄ±rakacaklarÄ±ndan habersiz binlerce yÄ±l Ã¶nce bu topraklarda dolaÅŸÄ±yorlardÄ±. Demokrasinin ilk temelleri bu ÅŸehirde atÄ±lÄ±rken Tiyatro da burada geliÅŸti.
Evet. Medeniyetin beÅŸiÄŸi, Avrupaâ€™nÄ±n yaramaz Ã§ocuÄŸu Yunanistan!'dayÄ±z, Atina'dayÄ±z.

#Atina #DÃ¼nyAlem #TÃ¼rkiye
KanalÄ±mÄ±za  abone olmak iÃ§in tÄ±klayÄ±n: www.youtube.com/DunyAlemGezi
Bizi Ä°nstagram'dan takip edin : https://www.instagram.com/dunyalem.gezi/
Bizi TikTok'tan takip edin: https://www.tiktok.com/@dunyalemgezi
Bizi Twitter'dan takip edin: https://twitter.com/DunyAlemgezi","['dÃ¼nyalem', 'dÃ¼nya alem', 'dÃ¼nya alem gezi', 'iÅŸ fÄ±rsatlarÄ±', 'yurt dÄ±ÅŸÄ±nda eÄŸitim', 'gezi', 'dÃ¼nya turu', 'avrupa Ã¼lkeleri', 'en gÃ¼zel Ã¼lkeler', 'atina', 'yunanistan', 'greece', 'greek', 'monastraki', 'parthenon', 'tapÄ±nak', ""atina'da tÃ¼rk camisi"", 'NATIONALPARK', 'KALÄ°MARMARO', 'athens', 'SYNTAGMA', 'AKHROPOLÄ°S', 'atina turu', 'atina kahve', 'starbucks atina']",2022-05-15T07:00:08Z,10709,224,,43,PT19M40S,hd,true
52,DyKM-USv7ww,DÃ¼nyAlem,EndonezyalÄ± aile ile iftar yaptÄ±m. Endonez yemekleri bir harika | Jakarta | Endonezya-1,"GÃ¼nÃ¼mÃ¼zde Endonezya; Hint, Pasifik, GÃ¼neydoÄŸu Asya Ve Okyanusyaâ€™ya yayÄ±lan geniÅŸ bir alan sahip. DÃ¼nyanÄ±n en bÃ¼yÃ¼k ada Ã¼lkesiâ€¦  
Endonezyaâ€™da irili ufaklÄ± 17 bini aÅŸkÄ±n ada var.
270 milyonu aÅŸan nÃ¼fusuyla; Ã‡in, Hindistan ve Amerika birleÅŸik devletlerinden sonra dÃ¼nyanÄ±n en kalabalÄ±k dÃ¶rdÃ¼ncÃ¼ Ã¼lkesi. 
Ve dÃ¼nyada en fazla MÃ¼slÃ¼man Endonezyaâ€™da yaÅŸÄ±yor. 
Ãœlkenin yÃ¼zde 87â€™si MÃ¼slÃ¼man; geri kalanlar HristiyanlÄ±k, KonfÃ¼Ã§yanizm Budizm ve Putperestlik inanÃ§larÄ±na sahipler.

Ä°slamiyetâ€™in Endonezyaâ€™ya tam olarak ne zaman geldiÄŸi bilinmese de buraya gelen MÃ¼slÃ¼man tÃ¼ccarlar sayesinde bÃ¶lgenin MÃ¼slÃ¼man olmaya baÅŸladÄ±ÄŸÄ± dÃ¼ÅŸÃ¼nÃ¼lÃ¼yor. 
1292 yÄ±lÄ±nda bÃ¶lgeye uÄŸrayan batÄ±lÄ± seyyah Marco Polo da Sumatra adasÄ±nda MÃ¼slÃ¼manlarÄ±n yaÅŸamakta olduÄŸunu sÃ¶yler. 
1345â€™te bu topraklardan geÃ§en Arap seyyah Ä°bn Battuta da Ä°slamiyetâ€™in burada asÄ±rlardan beri tesirli bir ÅŸekilde yerleÅŸtiÄŸini zikrediyor.
Endonezya konumu, zengin kaynaklarÄ± ve eÅŸsiz doÄŸasÄ±yla tÃ¼m dÃ¼nyanÄ±n dikkatlerini Ã¼zerine Ã§ekiyor. 

Biz de Ramazan ayÄ±nÄ±n son gÃ¼nlerinde DÃ¼nyalem ekibi olarak Endonezyaâ€™ya geldik.

#DÃ¼nyAlem #Jakarta #Endonezya
KanalÄ±mÄ±za Ã¼cretsiz abone olmak iÃ§in tÄ±klayÄ±n: www.youtube.com/DunyAlemGezi
Bizi Ä°nstagram'dan takip edin : https://www.instagram.com/dunyalem.gezi/
Bizi TikTok'tan takip edin: https://www.tiktok.com/@dunyalemgezi
Bizi Twitter'dan takip edin: https://twitter.com/DunyAlemgezi","['dÃ¼nyalem', 'dÃ¼nya alem', 'dÃ¼nya alem gezi', 'iÅŸ fÄ±rsatlarÄ±', 'yurt dÄ±ÅŸÄ±nda eÄŸitim', 'yurt dÄ±ÅŸÄ± iÅŸ fÄ±rsatlarÄ±', 'gezi', 'dÃ¼nya turu', 'avrupa Ã¼lkeleri', 'en gÃ¼zel Ã¼lkeler', 'jakarta', 'endonezya', 'endonezya baÅŸkent', 'jakarta cami', 'jakarta gezi', 'endonez yemekleri', 'endonezya yemekleri', 'endonezya iftar']",2022-05-01T12:18:34Z,22195,312,,42,PT25M50S,hd,true
53,6I_eea8iM9A,DÃ¼nyAlem,Yunanistan'dan Avrupa'ya GÃ–Ã‡ / MÃ¼lteci Sorunu!,"Sizce iÃ§inde bulunduÄŸumuz yÃ¼zyÄ±lÄ±n en bÃ¼yÃ¼k sorunu ne? 
Ä°klim, ekonomi, yeraltÄ± kaynaklarÄ±, tartÄ±ÅŸmalÄ± sÄ±nÄ±rlar, daha birÃ§ok kÃ¼resel sorunâ€¦ 
Ama bunlarÄ±n hepsinin ortak bir sonucu var o da mÃ¼lteci krizi. 
Bu dosyamÄ±zda milyonlarca insanÄ±n daha iyi bir gelecek elde etmek iÃ§in Ã§Ä±ktÄ±klarÄ± yolda ilk duraklarÄ± ve ilk zorlu sÄ±navlarÄ± olan Avrupaâ€™nÄ±n kapÄ±sÄ± Yunanistanâ€™dayÄ±z. 
MÃ¼lteci olmak Ã§oÄŸu zaman sizin olmayan bir tercihle vatanÄ±nÄ±zÄ± terk etmek zorunda kalmanÄ±z demek. BaÅŸkalarÄ±nÄ±n Ã§Ä±karttÄ±ÄŸÄ± savaÅŸlar, baÅŸkalarÄ±nÄ±n politik ihtiraslarÄ±, baÅŸkalarÄ±nÄ±n gÃ¼Ã§ sevdasÄ±â€¦ 
Neticeyse bir gÃ¼n hiÃ§ ummadÄ±ÄŸÄ±nÄ±z ve beklemediÄŸiniz bir ÅŸekilde belleÄŸinizi, geÃ§miÅŸinizi bir yerde Ã¶ylece bÄ±rakarak doÄŸup bÃ¼yÃ¼dÃ¼ÄŸÃ¼nÃ¼z topraklardan koparÄ±lmak.
SavaÅŸlar, politik ihtiraslar, ekonomi, daha birÃ§ok sorun. 
Nedeni ne olursa olsun bugÃ¼n dÃ¼nyada milyonlarca insan mÃ¼lteci konumunda.
MÃ¼lteci Sorunu konusunda siz ne dÃ¼ÅŸÃ¼nÃ¼yorsunuz? 
Yoruma yazabilirsiniz.

#DÃ¼nyAlem #MÃ¼lteciSorunu #Yunanistan
KanalÄ±mÄ±za Ã¼cretsiz abone olmak iÃ§in tÄ±klayÄ±n: www.youtube.com/DunyAlemGezi
Bizi Ä°nstagram'dan takip edin : https://www.instagram.com/dunyalem.gezi/
Bizi TikTok'tan takip edin: https://www.tiktok.com/@dunyalemgezi
Bizi Twitter'dan takip edin: https://twitter.com/DunyAlemgezi","['dÃ¼nyalem', 'dÃ¼nya alem', 'dÃ¼nya alem gezi', 'iÅŸ fÄ±rsatlarÄ±', 'yurt dÄ±ÅŸÄ±nda eÄŸitim', 'yurt dÄ±ÅŸÄ± iÅŸ fÄ±rsatlarÄ±', 'gezi', 'dÃ¼nya turu', 'avrupa Ã¼lkeleri', 'yunanistan', 'mÃ¼lteci meselesi', 'avrupa gÃ¶Ã§', 'iltica', 'gÃ¶Ã§men sorunu', 'avrupa mÃ¼lteci', 'mÃ¼lteci krizi', 'yunanistan mÃ¼lteci', 'umut yolculuÄŸu', 'en bÃ¼yÃ¼k sorun', 'erdoÄŸan mÃ¼lteci', 'Philippos', 'atina', 'grece refugees', 'refugies', 'athens', 'europa']",2022-04-24T12:52:37Z,16222,169,,46,PT22M23S,hd,false
54,-qsNnTKy1d0,DÃ¼nyAlem,Game of Thronesâ€™un Ã§ekildiÄŸi yer - Cinlerin merkezi METEORA,"Bu bÃ¶lÃ¼mde yÃ¼zyÄ±llar Ã¶nce dev kaya bloklarÄ± Ã¼zerine inÅŸa edilen Meteora'dayÄ±z. Bilim insanlarÄ±nÄ± da ÅŸaÅŸÄ±rtan 300-500 metre yÃ¼ksekliÄŸindeki kayalÄ±klarÄ±n Ã¼zerine inÅŸa edilen manastÄ±rlar bir masaldan Ã§Ä±kmÄ±ÅŸ gibi. Son yÄ±llarÄ±n en beÄŸenilen dizisi  Game of Thrones'in Ã§ekimlerine de ev sahipliÄŸi  yapan bu bÃ¶lge Yunanistan'a gelenlerin mutlaka gezmesi gereken bir gÃ¼zelliÄŸe sahip. Gezimizde bizi Ã§ok ÅŸaÅŸÄ±rtan  OsmanlÄ± yadigarÄ± bir fermanÄ± ve ÅŸehrin hakkÄ±ndaki mistik hikayeleri sizin iÃ§in araÅŸtÄ±rdÄ±k. Ä°yi seyirler...
#Meteora #GameOfThrones #Dunyalem


KanalÄ±mÄ±za Ã¼cretsiz abone olmak iÃ§in tÄ±klayÄ±n: www.youtube.com/DunyAlemGezi
Bizi Ä°nstagram'dan takip edin : https://www.instagram.com/dunyalem.gezi/
Bizi TikTok'tan takip edin: https://www.tiktok.com/@dunyalemgezi
Bizi Twitter'dan takip edin: https://twitter.com/DunyAlemgezi","['dÃ¼nyalem', 'dÃ¼nya alem', 'dÃ¼nya alem gezi', 'iÅŸ fÄ±rsatlarÄ±', 'yurt dÄ±ÅŸÄ±nda eÄŸitim', 'yurt dÄ±ÅŸÄ± iÅŸ fÄ±rsatlarÄ±', 'gezi', 'dÃ¼nya turu', 'avrupa Ã¼lkeleri', 'meteora', 'cinler ÅŸehri', 'game of thrones', 'kale', 'manastÄ±r', 'yunanistan', 'osmanlÄ± izleri', 'padiÅŸah fermanÄ±', 'bizans tarihi', 'filozoflar', 'kanuni sultan sÃ¼leyman', 'yunanistan tÃ¼rkiye']",2022-04-10T08:00:00Z,15409,329,,49,PT9M54S,hd,true
55,OKyN2NjAi-Y,DÃ¼nyAlem,Ã–lmeden yerin 208 metre altÄ±na girdim,"Bu bÃ¶lÃ¼mde Avrupa'nÄ±n en bÃ¼yÃ¼k tuz madenini ziyaret ettik. Yerin 208 metre altÄ±ndaki bu devasa maÄŸaralarÄ± gelin beraber keÅŸfedelim.
#TuzMadeni #Yerin208MetreAltÄ± #DÃ¼nyalem

KanalÄ±mÄ±za Ã¼cretsiz abone olmak iÃ§in tÄ±klayÄ±n: www.youtube.com/DunyAlemGezi
Bizi Ä°nstagram'dan takip edin : https://www.instagram.com/dunyalem.gezi/
Bizi TikTok'tan takip edin: https://www.tiktok.com/@dunyalemgezi
Bizi Twitter'dan takip edin: https://twitter.com/DunyAlemgezi","['dÃ¼nyalem', 'dÃ¼nya alem', 'dÃ¼nya alem gezi', 'iÅŸ fÄ±rsatlarÄ±', 'yurt dÄ±ÅŸÄ±nda eÄŸitim', 'yurt dÄ±ÅŸÄ± iÅŸ fÄ±rsatlarÄ±', 'gezi', 'dÃ¼nya turu', 'avrupa Ã¼lkeleri', 'en gÃ¼zel Ã¼lkeler', 'tuzdan ÅŸehir', 'avrupanÄ±n en bÃ¼yÃ¼k tuz madeni', 'tuz madeni', 'yerin 208 metre altÄ±', 'fransÄ±z turistler', 'her yer tuz', 'devasa maÄŸara', 'tuz maÄŸarasÄ±', 'mÃ¼ze', 'romanya tuz madeni', 'saÄŸlÄ±k turizmi', 'astÄ±m tedavisi', 'kaya tuzu', 'iyot', 'deniz tuzu', 'alerji tedavisi', 'tuz tedavisi', 'hÃ¼seyin bolt tuz heykel', 'tuzdan heykel', 'ashabÄ± kehf']",2022-04-03T11:00:09Z,8766,130,,21,PT10M10S,hd,false
56,lh0IT0-y8Sg,DÃ¼nyAlem,Avrupaâ€™da 600 yÄ±ldÄ±r sadece TÃ¼rklerin yaÅŸadÄ±ÄŸÄ± kÃ¶y,"Karadeniz'in bÃ¼yÃ¼leyici liman kenti KÃ¶stence'den herkese merhaba. Romanya'nÄ±n ikinci bÃ¼yÃ¼k kenti olan KÃ¶stence'nin tarihi binlerce yÄ±l Ã¶tesine dayanÄ±yor. Bir Ã§ok farklÄ± medeniyete ev sahipliÄŸi yapan ÅŸehirde OsmanlÄ± 500 sene hÃ¼kÃ¼m sÃ¼rmÃ¼ÅŸ. Tuna boyundan OsmanlÄ±'dan kalma 600 yÄ±ldÄ±r sadece TÃ¼rklerin yaÅŸadÄ±ÄŸÄ± bir kÃ¶ye misafir olacaÄŸÄ±z. Ä°yi seyirler..

#Dobruca #KÃ¶stence #DÃ¼nyAlem

KanalÄ±mÄ±za Ã¼cretsiz abone olmak iÃ§in tÄ±klayÄ±n: www.youtube.com/DunyAlemGezi
Bizi Ä°nstagram'dan takip edin : https://www.instagram.com/dunyalem.gezi/
Bizi TikTok'tan takip edin: https://www.tiktok.com/@dunyalemgezi
Bizi Twitter'dan takip edin: https://twitter.com/DunyAlemgezi","['dÃ¼nyalem', 'dÃ¼nya alem', 'dÃ¼nya alem gezi', 'iÅŸ fÄ±rsatlarÄ±', 'yurt dÄ±ÅŸÄ±nda eÄŸitim', 'yurt dÄ±ÅŸÄ± iÅŸ fÄ±rsatlarÄ±', 'gezi', 'dÃ¼nya turu', 'avrupa Ã¼lkeleri', 'en gÃ¼zel Ã¼lkeler', 'dobruca', 'romanya', 'kÃ¶stence', 'avrupada tÃ¼rk kÃ¶yÃ¼', 'osmanlÄ± eserleri', 'abdulaziz camii', 'hÃ¼nkar camii', 'abdulaziz tuÄŸrasÄ±', 'romen kralÄ±', 'karol', 'evladÄ± fatihan', 'tuna nehri', 'Ã§Ä±lgÄ±n proje', 'karadeniz ÅŸehirleri', 'beyaz melekler', 'Ã§avuÅŸesku', 'mehter', 'medgidia', 'Ã§i bÃ¶rek', 'romanya ovasÄ±', 'fintina mare', 'baÅŸpÄ±nar kÃ¶yÃ¼']",2022-03-20T12:00:20Z,23536,275,,33,PT23M27S,hd,false
57,o5ooLGThDh4,DÃ¼nyAlem,Bulgarlar Edirneâ€˜yi neden yaÄŸmalÄ±yor?,"BugÃ¼n Bulgaristan'dayÄ±z. Son zamanlarda BulgarlarÄ±n akÄ±nÄ±na uÄŸrayan Edirne'yi ziyaret edip bu ilginin sebeplerini araÅŸtÄ±rdÄ±k.  Neden Bulgarlar alÄ±veriÅŸ iÃ§in soluÄŸu TÃ¼rkiye'de alÄ±yorlar? Bulgar LevasÄ± kaÃ§ TL' ye tekabÃ¼l ediyor. Market fiyatlarÄ±nÄ± karÅŸÄ±laÅŸtÄ±rdÄ±ÄŸÄ±mÄ±z videomuzu hayretle izleyeceksiniz. Ä°yi seyirler...

#Bulgaristan #Edirne #DÃ¼nyAlem

KanalÄ±mÄ±za Ã¼cretsiz abone olmak iÃ§in tÄ±klayÄ±n: https://youtu.be/DRwg9wNBcCM
Bizi Ä°nstagram'dan takip edin : https://www.instagram.com/dunyalem.gezi/
Bizi TikTok'tan takip edin: https://www.tiktok.com/@dunyalemgezi
Bizi Twitter'dan takip edin: https://twitter.com/DunyAlemgezi","['dÃ¼nyalem', 'dÃ¼nya alem', 'dÃ¼nya alem gezi', 'iÅŸ fÄ±rsatlarÄ±', 'yurt dÄ±ÅŸÄ±nda eÄŸitim', 'yurt dÄ±ÅŸÄ± iÅŸ fÄ±rsatlarÄ±', 'gezi', 'dÃ¼nya turu', 'avrupa Ã¼lkeleri', 'en gÃ¼zel Ã¼lkeler', 'edirne', 'bulgaristan', 'fiyat karÅŸÄ±laÅŸtÄ±rmasÄ±', '1 leva kaÃ§ tl', 'bulgar levasÄ±', 'neden edirneye geliyorlar', 'edirne bulgar', 'bulgar akÄ±nÄ±', 'bulgaristan tÃ¼rkiye market fiyatlarÄ±', 'market fiyatlarÄ± karÅŸÄ±laÅŸtÄ±rmasÄ±', 'sÄ±vÄ± yaÄŸ', 'edirne esnaf rÃ¶portaj', 'edirne rÃ¶portaj', 'edirne bulgaristan', 'komÅŸu', 'fiyat']",2022-03-13T11:00:22Z,25681,343,,64,PT10M45S,hd,false
58,r2NeGV5jrLM,DÃ¼nyAlem,DoÄŸu Avrupa'nÄ±n en gÃ¼zel ÅŸehri BÃ¼kreÅŸ - Romanya'da yaÅŸanÄ±r mÄ± ?,"DoÄŸu Avrupaâ€™nÄ±n incisi kÃ¼Ã§Ã¼k Paris olarak da adlandÄ±rÄ±lan Romanyaâ€™nÄ±n baÅŸkenti BÃ¼kreÅŸ'ten herkese selamlar! DÃ¼nyAlem kanalÄ± olarak bu bÃ¶lÃ¼mde  size hem Ã‡avuÅŸesku'nun devriliÅŸ hikayesini anlatacaÄŸÄ±z hem de tarihiyle, kÃ¼ltÃ¼rÃ¼yle BÃ¼kreÅŸ'i beraber gezip gÃ¶receÄŸiz. Romanya'daki yaÅŸam standartlarÄ±nÄ±, TÃ¼rkiye ile benzerliklerini sizler iÃ§in araÅŸtÄ±rdÄ±k. Ä°yi seyirler...

#BÃ¼kreÅŸ #Ã‡avuÅŸesku #DÃ¼nyAlem

KanalÄ±mÄ±za Ã¼cretsiz abone olmak iÃ§in tÄ±klayÄ±n: https://youtu.be/DRwg9wNBcCM
Bizi Ä°nstagram'dan takip edin : https://www.instagram.com/dunyalem.gezi/
Bizi Tiktok'tan takip edin: https://www.tiktok.com/@dunyalemgezi","['dÃ¼nyalem', 'dÃ¼nya alem', 'dÃ¼nya alem gezi', 'iÅŸ fÄ±rsatlarÄ±', 'yurt dÄ±ÅŸÄ±nda eÄŸitim', 'yurt dÄ±ÅŸÄ± iÅŸ fÄ±rsatlarÄ±', 'gezi', 'dÃ¼nya turu', 'avrupa Ã¼lkeleri', 'en gÃ¼zel Ã¼lkeler', 'bÃ¼kreÅŸ', 'avrupa gezi', 'romanya', 'baÅŸkent', ""romanya'da eÄŸitim"", 'denklik romanya', 'Ã¼niversite romanya', 'Nikolay Ã‡avuÅŸesku', 'devrik lider', 'bin yÃ¼z odalÄ± saray', 'dÃ¼nyanÄ±n en aÄŸÄ±r binasÄ±', 'Ã§avuÅŸesku kimdir', 'dacia ne demek', 'romanya tÃ¼rkiye', 'kral carol', 'osmanlÄ±', 'romanya yemekleri', 'kÃ¶stence', ""romanya'da hayat"", 'papanaj', 'rusya', 'diplomasÄ±z']",2022-03-06T07:00:13Z,22913,333,,43,PT26M30S,hd,false
59,DRwg9wNBcCM,DÃ¼nyAlem,DÃ¼nyAlem baÅŸlÄ±yor!,"Ä°lk bÃ¶lÃ¼m 6 Mart Pazar gÃ¼nÃ¼ saat 10.00 da yayÄ±nda...
GezdikÃ§e, gÃ¶rdÃ¼kÃ§e yeni yerler, yeni hayatlar keÅŸfettikÃ§e hayata bakÄ±ÅŸÄ±mÄ±z da deÄŸiÅŸir.
Biz de yeni ufuklara yelken aÃ§mak iÃ§in yollara dÃ¼ÅŸtÃ¼k. 
GezdiÄŸimiz yerleri sadece tanÄ±tmakla kalmadÄ±k.
Bazen iÅŸ fÄ±rsatlarÄ±nÄ± bazen de eÄŸitim imkanlarÄ±nÄ± sizler iÃ§in araÅŸtÄ±rdÄ±k.
SÄ±cak, samimi hayatÄ±n iÃ§inden bilgilerle Ã§ok yakÄ±nda karÅŸÄ±nÄ±zda olacaÄŸÄ±z. 
KeÅŸfedilmeyi bekleyen yeni hayatlar, yeni fÄ±rsatlar bu programda. 
DÃ¼nyAlem baÅŸlÄ±yor...
#DÃ¼nyalem #Gezi #Ä°ÅŸFÄ±rsatlarÄ±


KanalÄ±mÄ±za Ã¼cretsiz abone olmak iÃ§in tÄ±klayÄ±n: https://youtu.be/DRwg9wNBcCM
Bizi Ä°nstagram'dan takip edin : https://www.instagram.com/dunyalem.gezi/
Bizi Tiktok'tan takip edin: https://www.tiktok.com/@dunyalemgezi","['avrupa gezi', 'dÃ¼nyalem', 'dÃ¼nya alem', 'dÃ¼nya alem gezi', 'yurt dÄ±ÅŸÄ±nda eÄŸitim', 'yurt dÄ±ÅŸÄ±', 'iÅŸ fÄ±rsatlarÄ±', 'hangi Ã¼lke gezilir', 'avrupa turu', 'dÃ¼nya turu', 'romanya', 'bÃ¼kreÅŸ', 'bulgaristan', 'yeni Ã¼lkeler keÅŸif', 'yeni hayatlar', 'yeni fÄ±rsatlar', 'gezi', 'dÃ¼nya Ã¼lkeleri', 'burgaz']",2022-03-04T19:06:04Z,19785,145,,23,PT1M40S,hd,false
